Post ID,Platform,Post Date,Posting Time,Content Type,Reach,Impressions,Likes,Comments,Shares,Saves,Followers Gained,Engagement Rate
POST00001,Facebook,2024-11-23,20:15,Story,15997,22440,469,5,8,10,3,3.08
POST00002,Instagram,2024-04-24,18:43,Story,8324,11956,258,5,3,4,0,3.24
POST00003,Facebook,2024-10-06,21:02,Image,8045,13485,381,15,3,7,2,5.05
POST00004,Instagram,2024-01-16,19:32,Reel,75054,134020,1560,74,20,27,1,2.24
POST00005,Instagram,2024-11-04,19:45,Video,51837,70428,2576,29,48,39,17,5.19
POST00006,Instagram,2024-11-28,13:14,Reel,27625,53537,604,26,7,10,5,2.34
POST00007,LinkedIn,2024-08-17,00:48,Image,9629,14008,218,5,2,3,1,2.37
POST00008,Facebook,2024-03-22,10:17,Image,11571,18036,437,7,2,8,1,3.92
POST00009,Instagram,2024-03-20,20:06,Image,37802,80099,2409,98,14,41,4,6.78
POST00010,Twitter/X,2024-02-17,20:54,Video,29601,39192,1250,45,18,27,4,4.53
POST00011,Facebook,2024-06-25,01:46,Video,14443,30723,948,30,15,18,5,7.0
POST00012,Facebook,2024-08-23,12:05,Image,25403,60454,888,23,14,12,1,3.69
POST00013,Instagram,2024-10-09,22:56,Video,88424,177879,3336,47,39,47,15,3.92
POST00014,Twitter/X,2024-07-04,22:04,Image,15721,37178,614,8,5,11,5,4.06
POST00015,Twitter/X,2024-01-24,09:05,Image,6530,11379,217,3,2,6,0,3.49
POST00016,Facebook,2024-04-29,12:17,Carousel,20675,31577,1030,22,9,11,6,5.19
POST00017,Facebook,2024-08-20,11:10,Image,27548,45415,1599,59,20,30,9,6.2
POST00018,Facebook,2024-07-08,20:44,Image,21963,47147,923,32,13,19,1,4.49
POST00019,LinkedIn,2024-12-15,19:40,Image,19024,40037,1360,31,11,32,11,7.54
POST00020,Instagram,2024-03-28,07:10,Image,13680,28703,591,28,4,9,1,4.62
POST00021,Twitter/X,2024-08-24,22:14,Carousel,24704,50840,1705,54,22,25,3,7.31
POST00022,Twitter/X,2024-12-16,18:14,Carousel,11421,18738,467,18,8,12,3,4.42
POST00023,Facebook,2024-01-17,12:17,Image,35711,79312,2147,71,22,61,20,6.44
POST00024,Instagram,2024-02-03,22:56,Video,30882,64835,1825,34,28,26,7,6.19
POST00025,LinkedIn,2024-06-10,21:25,Reel,32436,69322,1248,39,15,28,4,4.1
POST00026,Facebook,2024-11-25,08:08,Story,9403,22187,544,22,6,11,2,6.2
POST00027,Instagram,2024-05-06,17:16,Reel,63615,139897,1438,71,17,22,12,2.43
POST00028,LinkedIn,2024-10-26,18:25,Story,6070,10662,473,22,8,7,2,8.4
POST00029,Twitter/X,2024-07-04,19:32,Image,3942,6753,278,13,1,3,1,7.48
POST00030,Facebook,2024-09-09,18:55,Image,19220,44986,1238,46,19,21,4,6.89
POST00031,LinkedIn,2024-02-26,19:50,Carousel,17705,42265,897,26,15,20,6,5.41
POST00032,LinkedIn,2024-12-14,02:24,Carousel,24998,30895,1368,37,20,22,3,5.79
POST00033,Twitter/X,2024-07-14,14:33,Carousel,10907,13639,416,13,4,11,1,4.07
POST00034,Twitter/X,2024-05-08,00:43,Video,2438,3541,108,4,0,1,1,4.63
POST00035,LinkedIn,2024-02-28,17:48,Image,10311,16003,477,6,2,13,4,4.83
POST00036,LinkedIn,2024-05-16,10:07,Video,4005,9571,186,3,1,2,1,4.79
POST00037,Facebook,2024-05-30,14:00,Video,42087,80834,2386,63,20,40,18,5.96
POST00038,Instagram,2024-05-14,05:32,Image,49078,61492,3500,133,42,41,18,7.57
POST00039,Facebook,2024-02-24,09:53,Image,29646,37427,2281,103,20,23,21,8.19
POST00040,Facebook,2024-11-23,06:09,Video,25173,35539,610,21,3,13,5,2.57
POST00041,Facebook,2024-07-10,17:49,Video,49653,67878,3409,145,49,90,23,7.44
POST00042,Instagram,2024-09-28,19:20,Video,46393,61749,978,13,14,11,3,2.19
POST00043,LinkedIn,2024-09-07,20:56,Image,3383,5206,168,6,1,4,0,5.29
POST00044,Facebook,2024-06-06,19:56,Story,24514,47534,1337,52,9,20,8,5.78
POST00045,Twitter/X,2024-10-17,02:46,Video,16955,29801,1102,44,7,30,6,6.98
POST00046,LinkedIn,2024-09-05,17:49,Image,2698,3588,62,2,1,1,0,2.45
POST00047,LinkedIn,2024-03-05,21:35,Video,13623,17822,347,11,4,4,3,2.69
POST00048,LinkedIn,2024-03-25,22:27,Image,32963,81303,2628,32,42,54,19,8.36
POST00049,Twitter/X,2024-04-18,23:44,Reel,27505,55111,716,9,11,8,6,2.7
POST00050,LinkedIn,2024-04-12,12:42,Image,23925,59396,1015,25,17,29,10,4.54
POST00051,LinkedIn,2024-11-28,22:28,Image,30617,55911,1306,49,11,21,6,4.53
POST00052,Instagram,2024-03-02,18:21,Reel,18288,23284,496,7,7,12,3,2.85
POST00053,Twitter/X,2024-01-11,07:37,Video,2369,4470,109,4,2,2,0,4.94
POST00054,Instagram,2024-04-22,18:14,Story,17922,23225,954,46,12,21,6,5.76
POST00055,Facebook,2024-02-04,10:04,Reel,9495,22517,215,4,4,5,1,2.4
POST00056,Facebook,2024-09-20,21:13,Image,55281,91730,3041,39,59,90,22,5.84
POST00057,Facebook,2024-10-03,22:36,Video,70155,108897,1963,25,37,35,12,2.94
POST00058,Twitter/X,2024-08-30,21:51,Image,8573,10581,365,15,7,4,2,4.56
POST00059,Facebook,2024-07-27,18:42,Story,11130,21590,265,3,1,2,0,2.43
POST00060,LinkedIn,2024-08-08,21:29,Video,21585,53868,1151,46,22,31,3,5.79
POST00061,Facebook,2024-01-28,20:06,Image,28140,41348,2045,82,11,31,2,7.71
POST00062,Facebook,2024-02-01,10:51,Video,40999,65602,2828,137,17,73,17,7.45
POST00063,Facebook,2024-02-25,19:34,Video,7737,15523,481,8,3,4,1,6.41
POST00064,Facebook,2024-08-17,19:17,Video,48021,63306,3053,97,35,86,11,6.81
POST00065,Facebook,2024-08-24,18:28,Carousel,31998,58868,1135,32,22,22,4,3.78
POST00066,Facebook,2024-10-08,22:53,Image,12955,17716,358,5,2,8,0,2.88
POST00067,Instagram,2024-01-08,07:10,Carousel,41034,76725,3216,109,26,85,13,8.37
POST00068,Instagram,2024-07-27,06:55,Image,44749,60716,2132,38,22,42,15,4.99
POST00069,Instagram,2024-07-24,05:24,Carousel,10240,21443,519,8,5,5,4,5.24
POST00070,Instagram,2024-01-02,08:59,Reel,40792,60052,1722,50,24,29,8,4.47
POST00071,LinkedIn,2024-08-20,22:42,Image,21872,30031,1339,58,21,14,11,6.55
POST00072,Facebook,2024-09-06,20:13,Video,20295,43809,627,20,11,7,3,3.28
POST00073,Instagram,2024-01-30,17:03,Video,14518,30238,977,29,6,20,6,7.11
POST00074,LinkedIn,2024-06-09,22:30,Video,15902,26912,640,29,9,9,3,4.32
POST00075,Instagram,2024-09-14,16:10,Story,25828,38559,1082,31,19,12,8,4.43
POST00076,Instagram,2024-01-30,02:54,Carousel,29818,36488,1843,91,34,39,17,6.73
POST00077,Instagram,2024-04-05,18:43,Story,26807,57360,1856,71,24,36,15,7.41
POST00078,Instagram,2024-04-30,18:15,Story,35151,51297,2255,70,35,57,4,6.88
POST00079,Facebook,2024-10-23,19:05,Story,25902,43515,1224,39,16,17,8,5.0
POST00080,Instagram,2024-08-02,18:33,Image,67670,148082,3771,108,42,64,35,5.89
POST00081,LinkedIn,2024-06-10,06:42,Story,3126,6721,238,4,1,5,1,7.93
POST00082,LinkedIn,2024-06-09,21:08,Image,15489,33698,1052,45,8,15,7,7.23
POST00083,Twitter/X,2024-12-09,14:20,Image,18449,31551,1272,35,13,24,4,7.28
POST00084,LinkedIn,2024-02-07,22:36,Video,38393,63808,1669,52,10,24,9,4.57
POST00085,Facebook,2024-02-21,19:32,Video,37465,61269,1062,44,15,21,9,3.05
POST00086,LinkedIn,2024-05-15,20:56,Image,4368,9256,291,4,2,7,1,6.96
POST00087,LinkedIn,2024-02-05,11:18,Image,24412,32805,1728,26,18,44,4,7.44
POST00088,Instagram,2024-03-21,17:45,Reel,38413,46704,2147,70,33,47,18,5.98
POST00089,Twitter/X,2024-06-03,20:33,Image,17355,29869,828,39,6,17,4,5.13
POST00090,Facebook,2024-01-05,17:19,Image,36595,72123,956,44,16,10,6,2.8
POST00091,LinkedIn,2024-12-05,19:16,Image,34171,59846,2193,103,41,41,4,6.96
POST00092,Twitter/X,2024-02-29,23:35,Carousel,4072,9491,208,6,2,2,0,5.35
POST00093,LinkedIn,2024-03-20,22:13,Image,21313,28741,956,42,18,18,5,4.85
POST00094,Twitter/X,2024-06-24,20:32,Video,18464,33016,525,8,6,9,4,2.97
POST00095,Facebook,2024-09-07,18:05,Reel,16288,24206,533,16,10,10,3,3.49
POST00096,Twitter/X,2024-11-20,08:02,Video,14279,22888,625,16,10,10,3,4.63
POST00097,Facebook,2024-01-02,19:40,Video,18765,36297,449,18,5,9,2,2.56
POST00098,Facebook,2024-05-14,21:35,Reel,32218,78288,1365,28,20,24,1,4.46
POST00099,Instagram,2024-12-27,00:07,Reel,31062,53749,1649,33,13,33,10,5.56
POST00100,Instagram,2024-02-08,22:57,Reel,94470,193528,3239,45,28,79,28,3.59
POST00101,LinkedIn,2024-03-17,11:37,Image,10356,14326,459,10,2,10,3,4.64
POST00102,LinkedIn,2024-10-09,19:02,Image,15548,30442,704,32,12,11,2,4.88
POST00103,Facebook,2024-06-06,18:57,Reel,36951,60922,2454,60,43,35,23,7.01
POST00104,LinkedIn,2024-07-02,19:42,Image,24523,44966,1806,75,20,18,6,7.83
POST00105,Facebook,2024-02-22,22:56,Reel,56179,77592,3937,194,50,52,13,7.53
POST00106,Instagram,2024-07-27,23:09,Story,25332,49384,923,29,13,24,2,3.9
POST00107,Instagram,2024-05-01,05:56,Image,45760,70765,2925,58,42,58,18,6.74
POST00108,LinkedIn,2024-07-30,20:50,Video,38337,67037,1580,76,12,18,12,4.4
POST00109,Instagram,2024-07-29,23:51,Carousel,29063,69465,1839,63,35,32,17,6.77
POST00110,Instagram,2024-05-07,18:24,Reel,95513,181646,2838,123,50,82,6,3.24
POST00111,Facebook,2024-01-20,07:12,Video,49254,63915,3137,93,48,58,10,6.77
POST00112,LinkedIn,2024-08-23,19:14,Carousel,14508,35660,294,4,2,7,2,2.12
POST00113,LinkedIn,2024-01-13,12:21,Carousel,22491,42833,1627,63,27,37,11,7.8
POST00114,LinkedIn,2024-05-22,08:22,Image,23771,35361,1884,89,10,45,17,8.53
POST00115,Instagram,2024-11-24,21:53,Reel,71233,114450,1939,76,15,23,9,2.88
POST00116,LinkedIn,2024-10-01,18:07,Carousel,29124,66924,1140,49,6,24,3,4.19
POST00117,Instagram,2024-05-13,20:02,Image,48812,80141,3098,39,30,64,25,6.62
POST00118,Instagram,2024-02-25,11:46,Reel,50530,88673,3668,97,43,109,3,7.75
POST00119,Instagram,2024-06-09,16:07,Reel,28378,63521,2266,54,37,40,12,8.45
POST00120,Facebook,2024-07-16,06:16,Carousel,13616,29938,613,16,9,9,1,4.75
POST00121,Facebook,2024-01-23,00:33,Image,35913,54002,808,8,16,14,3,2.36
POST00122,LinkedIn,2024-10-02,23:47,Image,12233,27369,434,14,8,12,2,3.83
POST00123,Twitter/X,2024-12-09,21:04,Story,17806,22871,785,34,6,20,1,4.75
POST00124,Instagram,2024-12-06,19:20,Reel,46872,67606,3129,75,18,91,28,7.07
POST00125,Twitter/X,2024-12-05,23:57,Story,8884,15237,581,21,4,15,1,6.99
POST00126,Instagram,2024-06-02,21:26,Reel,89129,174168,2271,102,20,28,20,2.72
POST00127,Twitter/X,2024-06-16,09:35,Carousel,14774,30313,783,10,8,13,2,5.51
POST00128,LinkedIn,2024-03-06,21:43,Video,18614,27664,1135,14,20,22,6,6.4
POST00129,Facebook,2024-03-30,09:25,Carousel,4591,9460,241,10,3,4,2,5.62
POST00130,Instagram,2024-10-07,09:18,Video,30014,49049,1030,48,6,24,2,3.69
POST00131,Twitter/X,2024-04-17,18:38,Story,4264,5278,296,4,2,7,0,7.25
POST00132,LinkedIn,2024-12-01,21:28,Carousel,3211,4659,80,1,1,0,0,2.55
POST00133,Instagram,2024-12-11,21:50,Carousel,8409,11260,552,17,10,9,3,6.99
POST00134,Twitter/X,2024-03-27,09:32,Image,14507,20685,961,46,7,24,7,7.16
POST00135,Facebook,2024-12-05,10:05,Image,14383,18114,1039,50,20,25,2,7.88
POST00136,LinkedIn,2024-04-30,07:51,Image,13296,21548,655,26,9,12,2,5.28
POST00137,Twitter/X,2024-04-11,18:15,Video,13722,31704,708,30,6,18,5,5.55
POST00138,Instagram,2024-08-31,02:29,Image,49413,68999,2270,108,25,51,10,4.97
POST00139,Instagram,2024-07-31,18:12,Story,13914,22498,883,35,7,24,6,6.82
POST00140,Facebook,2024-12-22,21:15,Video,41848,102889,1302,58,21,33,11,3.38
POST00141,LinkedIn,2024-03-16,00:57,Reel,29014,45912,2167,105,16,41,2,8.03
POST00142,Facebook,2024-02-24,07:11,Reel,56296,108422,1887,31,27,31,11,3.51
POST00143,Facebook,2024-12-22,01:35,Story,31948,57633,1943,50,38,47,13,6.5
POST00144,LinkedIn,2024-05-07,03:29,Story,17504,21906,854,12,7,25,1,5.13
POST00145,Facebook,2024-03-09,21:33,Reel,80824,155791,1663,38,21,19,6,2.15
POST00146,Instagram,2024-10-13,14:39,Image,48201,119090,1544,58,26,16,10,3.41
POST00147,Twitter/X,2024-09-15,17:28,Image,18018,22361,1372,16,17,33,12,7.98
POST00148,LinkedIn,2024-03-22,15:28,Carousel,15629,31194,766,27,10,16,6,5.24
POST00149,Facebook,2024-05-12,20:17,Image,45563,80655,2892,97,42,56,18,6.78
POST00150,Instagram,2024-09-23,07:17,Reel,14670,21077,988,35,12,20,7,7.19
POST00151,Instagram,2024-08-13,20:15,Story,8870,16331,220,5,1,4,0,2.59
POST00152,LinkedIn,2024-05-19,22:05,Image,22450,48162,1449,39,14,25,14,6.8
POST00153,Instagram,2024-03-11,21:44,Carousel,13584,26685,295,7,4,6,2,2.3
POST00154,LinkedIn,2024-03-19,02:26,Story,11578,27625,377,13,5,9,0,3.49
POST00155,LinkedIn,2024-07-27,21:26,Carousel,22274,45044,943,28,10,10,4,4.45
POST00156,Instagram,2024-02-01,21:24,Reel,79339,148305,3296,111,24,58,32,4.4
POST00157,Instagram,2024-10-26,00:54,Reel,72009,141493,4026,104,34,59,36,5.86
POST00158,Facebook,2024-10-21,18:22,Video,15877,26008,1107,30,9,24,8,7.37
POST00159,Instagram,2024-06-01,13:34,Video,31948,63487,1322,41,22,31,6,4.43
POST00160,Twitter/X,2024-10-06,07:31,Video,24255,32634,877,10,11,25,1,3.81
POST00161,Instagram,2024-04-22,21:01,Reel,70148,92253,1837,61,28,32,9,2.79
POST00162,LinkedIn,2024-07-18,21:46,Image,20305,41236,1463,41,18,28,10,7.63
POST00163,Instagram,2024-03-25,04:39,Image,37556,52075,2868,112,21,39,21,8.09
POST00164,Instagram,2024-09-30,21:37,Video,78269,190037,4774,142,68,130,29,6.53
POST00165,Instagram,2024-10-15,02:41,Story,28527,59320,939,34,10,21,1,3.52
POST00166,LinkedIn,2024-08-07,21:11,Story,11348,18310,816,40,13,9,2,7.74
POST00167,Instagram,2024-01-26,20:13,Reel,85975,139721,5163,218,84,134,25,6.51
POST00168,LinkedIn,2024-08-20,21:17,Image,15418,31511,612,21,8,13,2,4.24
POST00169,Facebook,2024-08-03,18:30,Reel,25046,42208,842,10,11,19,5,3.52
POST00170,Facebook,2024-01-10,01:22,Video,40873,99604,2895,134,49,35,6,7.62
POST00171,Facebook,2024-04-24,20:02,Image,15727,34510,1081,41,20,11,2,7.33
POST00172,Instagram,2024-01-16,06:53,Reel,39940,97495,2367,59,18,46,6,6.23
POST00173,Instagram,2024-01-11,07:08,Reel,49816,103175,3774,118,51,44,28,8.0
POST00174,Facebook,2024-08-30,18:13,Story,42453,57670,1310,48,10,26,9,3.28
POST00175,Instagram,2024-08-26,11:10,Reel,17161,41067,780,10,13,13,4,4.75
POST00176,Instagram,2024-11-06,23:45,Image,28669,53603,1594,66,23,21,6,5.94
POST00177,Twitter/X,2024-02-28,05:19,Carousel,18456,27830,1233,25,21,22,8,7.05
POST00178,Instagram,2024-02-25,09:36,Reel,12060,21118,351,6,6,6,2,3.06
POST00179,Instagram,2024-12-12,12:25,Video,41654,82859,2199,42,23,48,12,5.55
POST00180,Twitter/X,2024-04-11,19:06,Image,17560,24002,460,17,6,7,0,2.79
POST00181,Instagram,2024-12-22,21:38,Carousel,26894,46299,1130,26,16,21,9,4.44
POST00182,LinkedIn,2024-03-02,18:50,Image,8757,16655,637,22,8,10,2,7.73
POST00183,LinkedIn,2024-01-22,21:42,Story,23744,39695,1893,52,18,40,3,8.44
POST00184,Twitter/X,2024-07-08,20:00,Video,7960,11631,415,5,4,10,1,5.45
POST00185,LinkedIn,2024-08-03,03:27,Carousel,3679,6244,100,4,0,2,0,2.88
POST00186,Instagram,2024-07-04,14:45,Reel,27592,55478,699,28,4,18,5,2.71
POST00187,LinkedIn,2024-03-19,23:33,Image,22960,34338,929,23,9,13,5,4.24
POST00188,LinkedIn,2024-11-29,22:49,Image,28102,55663,1431,66,17,42,12,5.54
POST00189,Instagram,2024-09-04,23:37,Story,13863,26362,799,29,10,19,1,6.18
POST00190,Instagram,2024-05-17,19:53,Carousel,24760,42683,752,28,7,22,5,3.27
POST00191,LinkedIn,2024-02-14,21:15,Image,31700,63028,898,41,15,14,8,3.05
POST00192,LinkedIn,2024-08-25,21:24,Carousel,29278,37728,630,9,12,13,6,2.27
POST00193,Facebook,2024-06-21,20:11,Video,66634,155852,2443,107,12,25,15,3.88
POST00194,Facebook,2024-09-06,20:21,Video,30626,67836,1457,17,29,16,10,4.96
POST00195,Twitter/X,2024-05-23,22:56,Image,9027,20017,324,5,4,7,2,3.77
POST00196,Instagram,2024-05-21,16:12,Video,50922,81379,2924,90,33,36,26,6.05
POST00197,Facebook,2024-02-13,21:31,Image,47933,90265,2343,40,25,68,7,5.17
POST00198,Instagram,2024-10-11,22:30,Reel,89469,137581,5870,90,76,83,6,6.84
POST00199,Instagram,2024-11-26,14:50,Story,32122,41244,724,17,6,16,3,2.38
POST00200,Instagram,2024-01-09,19:25,Image,22048,30758,870,34,10,15,3,4.21
POST00201,Facebook,2024-12-20,22:23,Carousel,47475,105535,1847,69,21,27,15,4.14
POST00202,Instagram,2024-08-30,11:27,Story,24291,55205,1207,30,14,17,10,5.22
POST00203,Facebook,2024-10-08,21:17,Carousel,46355,115180,2159,25,12,53,14,4.85
POST00204,LinkedIn,2024-06-05,18:46,Image,18592,45428,1194,28,11,20,9,6.74
POST00205,LinkedIn,2024-04-08,22:48,Image,15349,31594,1010,20,5,11,9,6.81
POST00206,Instagram,2024-12-19,19:47,Carousel,56201,95346,1817,26,25,46,12,3.41
POST00207,Facebook,2024-09-04,22:48,Image,53149,72431,2575,37,31,73,14,5.11
POST00208,Facebook,2024-09-25,03:53,Image,19905,32639,1506,28,15,28,7,7.92
POST00209,Facebook,2024-04-09,20:11,Story,6115,14717,370,11,1,11,2,6.43
POST00210,Instagram,2024-06-03,22:08,Carousel,59700,142957,2097,84,24,56,15,3.79
POST00211,LinkedIn,2024-05-20,18:35,Carousel,31799,49292,1665,65,11,39,3,5.6
POST00212,Twitter/X,2024-05-29,04:40,Video,19133,43870,1223,38,16,24,4,6.8
POST00213,Facebook,2024-09-08,18:36,Carousel,12496,24371,907,24,6,19,7,7.65
POST00214,LinkedIn,2024-05-25,14:21,Carousel,8019,10656,353,14,2,7,2,4.69
POST00215,Facebook,2024-04-04,08:55,Image,34656,58493,1813,56,32,48,15,5.62
POST00216,Instagram,2024-09-01,18:25,Reel,95281,159912,3774,60,36,103,37,4.17
POST00217,Facebook,2024-09-08,18:09,Video,38788,91231,2155,55,24,51,2,5.89
POST00218,Facebook,2024-03-17,09:05,Video,47902,81623,2114,95,26,51,4,4.77
POST00219,Instagram,2024-05-07,21:38,Reel,87626,173896,5309,224,48,140,29,6.53
POST00220,Instagram,2024-11-01,07:49,Image,47092,102175,3716,68,64,75,16,8.33
POST00221,Instagram,2024-09-24,21:19,Reel,33012,43416,1097,37,17,32,10,3.58
POST00222,Facebook,2024-10-28,09:36,Video,48166,88867,1478,55,29,36,11,3.32
POST00223,Twitter/X,2024-11-13,18:48,Image,13060,21351,281,3,4,4,1,2.24
POST00224,Instagram,2024-04-16,08:42,Story,18266,42167,612,15,7,12,3,3.54
POST00225,Twitter/X,2024-02-11,19:35,Reel,33763,80190,2517,103,12,28,7,7.88
POST00226,Instagram,2024-02-08,21:28,Reel,13899,28549,1075,13,6,16,3,7.99
POST00227,Instagram,2024-12-18,09:02,Story,17612,43453,744,20,13,11,1,4.47
POST00228,Twitter/X,2024-04-28,20:44,Image,12623,30022,357,11,3,6,3,2.99
POST00229,Instagram,2024-08-20,19:59,Reel,12958,17705,945,24,16,24,6,7.79
POST00230,Facebook,2024-05-15,20:37,Story,34974,71711,1115,36,13,32,7,3.42
POST00231,Instagram,2024-12-04,06:27,Image,12345,26369,556,7,8,11,5,4.71
POST00232,Instagram,2024-02-28,20:09,Reel,49295,63490,3079,97,19,59,16,6.6
POST00233,Instagram,2024-05-16,02:03,Story,6509,8636,466,13,7,7,3,7.57
POST00234,Instagram,2024-03-25,19:47,Reel,46187,58544,3102,56,27,41,12,6.98
POST00235,LinkedIn,2024-10-18,14:07,Video,11074,15106,659,10,5,19,3,6.26
POST00236,LinkedIn,2024-08-27,22:25,Video,7484,9615,358,16,4,7,0,5.14
POST00237,LinkedIn,2024-05-19,15:28,Carousel,15489,20467,719,12,5,8,3,4.8
POST00238,LinkedIn,2024-02-11,13:47,Image,9239,20670,404,18,5,5,2,4.68
POST00239,LinkedIn,2024-06-14,00:05,Image,8530,14262,629,10,7,13,0,7.73
POST00240,Facebook,2024-04-27,18:37,Carousel,28099,39274,1304,45,8,36,10,4.96
POST00241,Facebook,2024-01-11,21:52,Story,31527,57724,862,33,8,25,8,2.94
POST00242,LinkedIn,2024-05-17,05:30,Image,10004,19284,516,20,9,5,3,5.5
POST00243,Instagram,2024-09-22,08:11,Carousel,14587,34916,388,15,7,10,2,2.88
POST00244,Instagram,2024-10-26,15:05,Video,18649,43708,960,18,6,11,7,5.34
POST00245,Facebook,2024-08-28,20:20,Story,10584,18897,687,24,9,11,5,6.91
POST00246,Facebook,2024-12-09,19:21,Story,13575,16839,873,12,8,8,6,6.64
POST00247,Instagram,2024-07-29,09:42,Reel,39670,51351,976,23,17,13,4,2.59
POST00248,Instagram,2024-07-24,17:02,Carousel,49333,107892,3661,70,62,40,33,7.77
POST00249,LinkedIn,2024-08-20,20:20,Carousel,34644,66813,923,25,10,25,5,2.84
POST00250,Facebook,2024-02-29,12:55,Story,12087,22032,254,6,1,7,0,2.22
POST00251,LinkedIn,2024-09-20,00:42,Story,17064,37202,1165,12,22,28,4,7.19
POST00252,LinkedIn,2024-10-04,01:12,Image,21374,38148,707,10,4,10,1,3.42
POST00253,Facebook,2024-09-22,21:40,Image,45488,72162,1728,68,9,48,14,4.07
POST00254,LinkedIn,2024-08-14,06:17,Video,28056,56505,1455,63,13,27,4,5.55
POST00255,LinkedIn,2024-10-08,20:28,Video,34659,44458,2422,82,16,28,22,7.35
POST00256,LinkedIn,2024-12-23,00:40,Carousel,19111,46679,411,15,2,11,2,2.3
POST00257,Instagram,2024-11-07,22:10,Video,51199,72792,3936,109,66,89,27,8.2
POST00258,Instagram,2024-06-08,17:26,Video,46533,85339,2751,132,38,68,15,6.42
POST00259,Facebook,2024-02-17,18:29,Image,43916,73357,2123,25,15,32,20,5.0
POST00260,Instagram,2024-03-01,04:31,Reel,52678,95382,2467,71,34,51,21,4.98
POST00261,Instagram,2024-05-29,08:26,Carousel,34075,45675,1374,57,18,27,5,4.33
POST00262,Twitter/X,2024-09-04,07:29,Video,19318,30327,1334,41,24,28,1,7.39
POST00263,LinkedIn,2024-10-09,19:58,Image,32740,44884,1194,30,13,21,10,3.84
POST00264,LinkedIn,2024-11-02,04:55,Reel,7966,12632,502,24,7,13,0,6.85
POST00265,LinkedIn,2024-02-05,21:21,Carousel,8063,16004,493,7,5,9,2,6.37
POST00266,Instagram,2024-09-16,18:18,Reel,38628,91564,1709,39,27,31,11,4.68
POST00267,Facebook,2024-06-01,18:42,Carousel,16941,34338,1267,43,22,31,2,8.05
POST00268,Twitter/X,2024-09-07,14:34,Image,7031,17497,486,18,6,9,0,7.38
POST00269,Facebook,2024-09-04,22:48,Story,17175,25433,824,35,4,14,7,5.11
POST00270,Facebook,2024-10-05,20:55,Image,53043,84773,3571,99,60,94,31,7.21
POST00271,Twitter/X,2024-04-06,07:36,Video,23065,54353,478,11,2,8,2,2.16
POST00272,Facebook,2024-07-15,21:02,Image,27146,37607,1992,47,14,20,13,7.64
POST00273,Facebook,2024-06-11,22:58,Video,26822,46469,1037,38,14,17,3,4.12
POST00274,Twitter/X,2024-07-14,19:31,Video,30479,43206,2387,45,46,49,5,8.29
POST00275,Instagram,2024-01-19,22:21,Video,76850,130981,2274,24,37,43,8,3.09
POST00276,Twitter/X,2024-02-21,14:06,Image,7313,12338,354,9,7,7,0,5.16
POST00277,Facebook,2024-09-26,00:46,Image,37704,64140,1524,48,11,32,8,4.28
POST00278,LinkedIn,2024-03-14,20:09,Carousel,27062,45005,1883,72,14,37,13,7.41
POST00279,Instagram,2024-02-08,08:21,Carousel,14714,20817,808,40,5,21,2,5.94
POST00280,LinkedIn,2024-11-15,20:05,Carousel,5811,9434,392,11,6,5,3,7.12
POST00281,LinkedIn,2024-06-17,17:24,Carousel,12238,30022,912,35,11,24,1,8.02
POST00282,LinkedIn,2024-06-11,15:55,Image,3207,4998,232,11,1,4,2,7.73
POST00283,Facebook,2024-10-04,18:15,Carousel,14232,22674,704,21,9,13,4,5.25
POST00284,Twitter/X,2024-11-19,09:14,Video,5896,13709,464,12,8,11,2,8.4
POST00285,Twitter/X,2024-02-16,03:48,Image,16688,21315,336,11,3,4,1,2.12
POST00286,Instagram,2024-11-20,03:28,Image,30518,61480,2306,24,28,54,17,7.9
POST00287,LinkedIn,2024-03-26,00:02,Image,14413,29370,997,23,15,20,8,7.32
POST00288,Twitter/X,2024-06-15,09:22,Image,5208,6857,104,1,1,2,0,2.07
POST00289,Instagram,2024-07-10,07:33,Story,9836,22150,718,27,4,12,5,7.74
POST00290,Instagram,2024-07-29,05:10,Reel,59673,76728,2442,35,41,70,4,4.34
POST00291,Twitter/X,2024-03-30,21:39,Video,11256,14631,563,23,8,6,0,5.33
POST00292,Facebook,2024-12-15,22:09,Image,53652,124602,2364,51,17,36,2,4.6
POST00293,Facebook,2024-04-28,08:29,Carousel,18592,27610,409,7,4,10,1,2.31
POST00294,LinkedIn,2024-05-10,14:57,Carousel,17369,39390,925,32,11,17,2,5.67
POST00295,Instagram,2024-05-27,05:04,Video,30798,42677,2048,42,25,32,4,6.97
POST00296,Facebook,2024-08-14,18:19,Image,23837,41075,623,10,10,15,3,2.76
POST00297,Twitter/X,2024-11-23,22:16,Video,27458,33085,955,37,9,11,4,3.69
POST00298,Instagram,2024-08-21,06:24,Carousel,42291,82186,3147,150,35,55,29,8.01
POST00299,LinkedIn,2024-09-04,21:36,Image,14926,27493,645,22,10,6,1,4.58
POST00300,LinkedIn,2024-07-02,22:18,Carousel,30787,67403,2372,90,22,28,19,8.16
POST00301,Facebook,2024-01-12,21:25,Image,28711,53062,1237,55,15,15,8,4.6
POST00302,LinkedIn,2024-05-20,18:58,Image,10603,23303,477,20,8,6,3,4.82
POST00303,Facebook,2024-11-06,09:49,Carousel,30747,63989,1736,37,12,39,13,5.93
POST00304,Instagram,2024-04-27,11:14,Reel,36906,77017,1774,58,11,19,12,5.05
POST00305,LinkedIn,2024-11-21,20:43,Carousel,5740,12022,198,9,3,4,1,3.73
POST00306,Instagram,2024-12-03,04:40,Reel,59748,142073,2150,83,39,23,9,3.84
POST00307,LinkedIn,2024-02-19,20:02,Video,23700,52253,1215,59,8,12,9,5.46
POST00308,LinkedIn,2024-06-07,01:37,Image,17493,30895,698,16,11,10,4,4.2
POST00309,Facebook,2024-07-05,02:58,Reel,35944,68757,2615,96,34,69,16,7.83
POST00310,Instagram,2024-05-31,21:11,Video,54181,115035,4130,140,49,46,29,8.06
POST00311,Facebook,2024-04-12,22:56,Story,40765,90528,3239,102,62,37,13,8.44
POST00312,Instagram,2024-07-06,08:53,Video,62879,148702,4453,100,40,131,25,7.51
POST00313,Twitter/X,2024-03-25,21:51,Image,27129,41721,1104,51,10,21,9,4.37
POST00314,LinkedIn,2024-05-31,10:51,Image,11968,28840,596,11,3,10,2,5.18
POST00315,LinkedIn,2024-02-28,02:09,Image,23625,49222,580,12,9,11,3,2.59
POST00316,Facebook,2024-04-25,23:43,Image,4116,7514,304,11,2,9,1,7.92
POST00317,Facebook,2024-07-22,17:23,Carousel,31328,45613,2414,120,37,71,14,8.43
POST00318,Instagram,2024-02-16,00:16,Reel,67431,96353,2214,23,11,58,16,3.42
POST00319,Facebook,2024-10-01,20:43,Carousel,23970,45013,1884,75,13,36,14,8.38
POST00320,Instagram,2024-12-10,21:52,Reel,55738,123501,4325,175,77,95,36,8.38
POST00321,LinkedIn,2024-11-22,03:43,Image,17515,26224,1016,19,9,27,7,6.11
POST00322,Instagram,2024-04-29,19:56,Reel,102681,176980,7565,75,140,98,74,7.67
POST00323,Twitter/X,2024-10-14,22:14,Video,17820,39013,753,19,12,21,7,4.52
POST00324,Facebook,2024-11-27,21:58,Video,14478,27990,601,21,5,8,5,4.39
POST00325,Instagram,2024-12-24,21:07,Reel,29937,37439,663,11,11,10,6,2.32
POST00326,Facebook,2024-03-12,18:19,Video,46638,75751,3282,51,37,92,28,7.42
POST00327,Facebook,2024-09-09,19:56,Carousel,16891,39787,889,16,7,14,5,5.48
POST00328,Instagram,2024-10-02,21:23,Reel,54503,70293,4166,126,46,109,35,8.16
POST00329,Instagram,2024-12-09,22:34,Reel,52480,87031,3646,111,43,39,13,7.32
POST00330,Twitter/X,2024-08-02,23:09,Video,6858,15054,137,3,1,1,1,2.07
POST00331,Instagram,2024-07-31,15:39,Video,21554,38123,1572,18,12,25,11,7.55
POST00332,Facebook,2024-07-27,08:02,Video,33035,57792,1261,29,19,33,3,4.06
POST00333,Facebook,2024-12-19,21:28,Story,37609,64968,1249,50,16,16,5,3.54
POST00334,Facebook,2024-04-30,03:43,Carousel,33881,75040,1864,89,10,28,11,5.88
POST00335,Instagram,2024-07-07,20:22,Reel,33927,65415,2267,86,17,66,11,7.18
POST00336,Instagram,2024-02-01,19:07,Video,12583,28243,343,5,6,5,0,2.85
POST00337,Instagram,2024-08-20,19:41,Image,58974,121763,1736,25,28,40,8,3.1
POST00338,Facebook,2024-11-23,00:03,Video,16495,23290,1108,43,11,11,9,7.11
POST00339,Instagram,2024-06-19,19:50,Reel,20514,36288,699,26,12,14,6,3.66
POST00340,Instagram,2024-10-16,22:13,Reel,92807,169553,2515,121,39,73,7,2.96
POST00341,Twitter/X,2024-10-27,19:21,Carousel,24969,50251,973,41,12,11,3,4.15
POST00342,Twitter/X,2024-03-16,19:00,Carousel,17155,40793,355,13,2,7,1,2.2
POST00343,Instagram,2024-05-21,04:08,Reel,9636,23275,441,19,6,6,1,4.9
POST00344,Instagram,2024-10-03,19:07,Video,47692,77842,1115,27,21,25,7,2.49
POST00345,Facebook,2024-12-04,04:00,Image,27703,60287,722,15,6,13,7,2.73
POST00346,Instagram,2024-07-02,07:37,Reel,23341,57462,625,16,10,15,3,2.85
POST00347,Instagram,2024-06-14,20:03,Reel,94353,187491,4812,190,69,101,34,5.48
POST00348,Instagram,2024-03-05,16:07,Reel,50835,65996,3918,85,25,86,25,8.09
POST00349,Facebook,2024-02-02,11:32,Image,22233,47021,942,30,11,22,5,4.52
POST00350,Facebook,2024-10-30,22:14,Image,30364,70624,2332,33,17,67,17,8.07
POST00351,Twitter/X,2024-11-10,22:19,Image,3938,7926,167,2,2,2,1,4.39
POST00352,Facebook,2024-08-22,00:03,Story,11746,25176,669,26,5,15,3,6.09
POST00353,LinkedIn,2024-09-02,13:43,Image,20163,43812,1509,41,13,28,11,7.89
POST00354,Instagram,2024-02-25,14:04,Reel,74724,142792,4501,171,36,103,37,6.44
POST00355,Instagram,2024-02-11,19:04,Story,48032,73147,1578,32,13,17,8,3.41
POST00356,LinkedIn,2024-03-05,22:35,Reel,47901,94520,2027,47,37,35,11,4.48
POST00357,Instagram,2024-12-30,22:33,Carousel,21876,43791,1412,55,18,16,6,6.86
POST00358,Twitter/X,2024-05-30,19:27,Video,16423,26830,1181,55,21,12,9,7.73
POST00359,Facebook,2024-02-20,03:54,Carousel,8307,18970,415,13,2,10,1,5.3
POST00360,Facebook,2024-12-01,17:46,Carousel,10352,15128,573,15,6,6,1,5.8
POST00361,Instagram,2024-04-20,07:26,Reel,24259,49772,863,14,6,9,2,3.68
POST00362,LinkedIn,2024-06-22,12:26,Carousel,4668,10617,218,9,1,6,1,5.01
POST00363,Facebook,2024-02-18,20:42,Image,50159,83260,3496,145,33,98,33,7.52
POST00364,Instagram,2024-05-10,19:43,Reel,43513,67573,1475,33,27,17,12,3.57
POST00365,Instagram,2024-08-30,18:05,Reel,66956,139270,4705,208,76,88,30,7.58
POST00366,Instagram,2024-08-09,20:51,Reel,84982,181734,3661,108,41,90,32,4.59
POST00367,Facebook,2024-03-07,18:35,Carousel,23683,33387,592,6,4,16,1,2.61
POST00368,Facebook,2024-10-14,18:26,Image,45283,84905,2556,50,14,45,7,5.89
POST00369,Instagram,2024-06-30,13:55,Story,38696,74448,1739,47,22,41,12,4.78
POST00370,Instagram,2024-01-27,19:19,Reel,22297,42602,1215,13,23,29,6,5.74
POST00371,Twitter/X,2024-06-29,22:13,Video,30286,56512,813,33,12,20,7,2.9
POST00372,LinkedIn,2024-03-20,07:54,Reel,12471,16084,604,19,8,14,1,5.17
POST00373,Instagram,2024-02-25,22:23,Reel,80371,187780,2588,39,24,53,14,3.36
POST00374,LinkedIn,2024-02-28,18:14,Video,12728,15494,567,20,2,8,1,4.69
POST00375,Instagram,2024-08-07,19:39,Reel,67985,129463,5308,67,78,60,23,8.11
POST00376,LinkedIn,2024-12-11,00:38,Video,31801,77127,717,19,4,17,4,2.38
POST00377,LinkedIn,2024-12-02,08:01,Image,24387,30701,999,47,10,26,8,4.44
POST00378,Facebook,2024-04-02,20:58,Reel,43866,96709,2320,29,38,50,18,5.56
POST00379,LinkedIn,2024-06-22,19:55,Carousel,19007,41550,396,7,6,7,2,2.19
POST00380,Instagram,2024-03-14,12:04,Reel,25057,59653,1641,55,24,45,10,7.04
POST00381,Facebook,2024-03-13,00:05,Image,39284,83726,1424,25,13,21,4,3.78
POST00382,Facebook,2024-09-28,21:29,Story,43730,84193,2408,36,28,45,23,5.76
POST00383,Facebook,2024-06-23,20:46,Video,25013,38602,1909,67,18,29,5,8.09
POST00384,LinkedIn,2024-06-15,18:38,Image,29818,67713,709,29,12,13,6,2.56
POST00385,LinkedIn,2024-02-13,04:10,Carousel,24867,41747,1142,12,10,12,10,4.73
POST00386,Instagram,2024-11-12,18:17,Reel,86013,199167,5765,156,46,116,43,7.07
POST00387,Facebook,2024-08-14,15:38,Carousel,35001,76036,2406,92,46,63,21,7.45
POST00388,Twitter/X,2024-08-14,06:48,Carousel,15908,36833,1270,24,7,23,2,8.32
POST00389,Instagram,2024-09-19,21:07,Reel,20147,34810,419,5,4,4,0,2.14
POST00390,Twitter/X,2024-05-25,18:31,Reel,35100,43896,2464,85,33,55,21,7.51
POST00391,Facebook,2024-09-26,01:14,Reel,19182,38935,1227,45,8,26,7,6.81
POST00392,Twitter/X,2024-07-21,01:00,Video,18565,30529,959,17,19,28,6,5.51
POST00393,LinkedIn,2024-04-14,19:49,Carousel,22724,42157,1748,75,18,47,3,8.31
POST00394,Twitter/X,2024-03-11,09:20,Video,5738,12039,354,12,3,4,2,6.5
POST00395,Facebook,2024-03-02,21:11,Image,18117,35394,854,40,5,20,1,5.07
POST00396,Instagram,2024-03-07,19:32,Reel,82082,184163,6374,200,78,114,15,8.24
POST00397,Facebook,2024-10-13,11:04,Image,26989,52848,1499,36,8,15,7,5.77
POST00398,Instagram,2024-07-22,01:27,Reel,51448,78209,3161,107,39,93,22,6.61
POST00399,Facebook,2024-01-10,02:55,Carousel,6327,14194,505,5,9,11,4,8.38
POST00400,Facebook,2024-06-09,18:25,Carousel,9527,13016,389,10,4,9,3,4.32
POST00401,Instagram,2024-12-29,09:07,Reel,41173,71685,1238,35,7,35,2,3.19
POST00402,Facebook,2024-07-26,20:10,Video,53900,132491,2500,52,42,41,9,4.89
POST00403,Instagram,2024-11-12,22:58,Image,58662,98274,2418,53,47,32,21,4.35
POST00404,LinkedIn,2024-07-04,18:15,Image,28368,39754,708,20,6,15,5,2.64
POST00405,Instagram,2024-08-11,16:05,Reel,9670,15420,374,3,2,10,1,4.02
POST00406,Twitter/X,2024-07-21,23:21,Video,14748,23102,616,10,6,12,6,4.37
POST00407,LinkedIn,2024-04-23,19:04,Image,11331,21522,797,39,14,13,2,7.62
POST00408,Facebook,2024-09-18,16:32,Carousel,3446,6642,210,7,1,5,0,6.47
POST00409,LinkedIn,2024-04-09,11:22,Video,21526,29357,684,32,5,14,4,3.41
POST00410,Facebook,2024-11-26,07:06,Reel,38284,73446,1620,59,11,34,4,4.5
POST00411,Instagram,2024-03-15,19:38,Video,63575,109890,4716,161,64,99,20,7.93
POST00412,LinkedIn,2024-03-19,20:04,Image,32012,75618,1288,50,17,21,12,4.3
POST00413,Instagram,2024-03-31,20:31,Video,77509,181083,2711,55,13,74,22,3.68
POST00414,Facebook,2024-08-25,18:28,Carousel,31308,56223,1285,17,15,36,1,4.32
POST00415,Instagram,2024-12-14,18:41,Video,30461,67670,1687,17,27,40,11,5.81
POST00416,LinkedIn,2024-11-21,10:55,Video,28263,70641,1870,48,32,25,2,6.99
POST00417,Instagram,2024-11-17,21:04,Video,59256,88573,3567,102,59,44,23,6.37
POST00418,Instagram,2024-08-28,09:50,Carousel,40464,92700,1199,13,14,17,1,3.07
POST00419,LinkedIn,2024-05-20,11:32,Image,23432,33879,1765,66,24,24,2,8.02
POST00420,Facebook,2024-02-07,21:02,Carousel,18116,35063,1372,34,8,14,11,7.88
POST00421,Facebook,2024-01-30,20:04,Carousel,33188,57885,1246,29,11,13,8,3.91
POST00422,Facebook,2024-11-26,02:39,Carousel,17519,28254,1241,59,22,30,4,7.72
POST00423,Instagram,2024-10-31,14:37,Story,4245,8836,223,5,2,5,0,5.54
POST00424,Instagram,2024-10-10,23:57,Video,12858,19793,522,22,9,7,2,4.36
POST00425,Twitter/X,2024-01-22,18:41,Image,17011,36117,618,14,7,17,1,3.86
POST00426,Instagram,2024-04-06,21:32,Image,20295,41437,738,12,6,9,6,3.77
POST00427,LinkedIn,2024-03-18,14:06,Video,18709,38588,835,21,15,23,7,4.78
POST00428,Instagram,2024-06-24,02:32,Reel,70843,102565,2201,52,25,58,4,3.3
POST00429,LinkedIn,2024-11-26,19:45,Video,37718,78709,2904,44,46,65,18,8.11
POST00430,Facebook,2024-08-12,16:33,Video,42309,69689,2706,98,51,71,16,6.92
POST00431,LinkedIn,2024-11-08,20:58,Carousel,17327,28153,357,15,6,4,2,2.2
POST00432,Facebook,2024-05-24,20:43,Image,51839,101635,1740,79,29,41,11,3.64
POST00433,Twitter/X,2024-11-02,20:04,Image,7008,9981,378,8,7,9,3,5.74
POST00434,Instagram,2024-06-17,21:18,Story,30781,46543,882,12,4,18,2,2.98
POST00435,Twitter/X,2024-05-09,21:58,Video,22666,47494,1674,66,10,46,13,7.92
POST00436,Instagram,2024-11-04,10:05,Image,13848,31642,574,26,7,7,1,4.43
POST00437,Facebook,2024-10-25,11:19,Carousel,12968,20210,418,4,6,4,2,3.33
POST00438,Facebook,2024-12-01,12:08,Story,16295,28191,483,17,9,10,3,3.19
POST00439,Instagram,2024-10-31,02:19,Reel,73341,136853,4870,57,74,111,15,6.97
POST00440,LinkedIn,2024-10-13,20:52,Carousel,17196,38847,975,24,8,11,4,5.92
POST00441,Facebook,2024-03-06,23:43,Carousel,13637,21294,450,9,6,4,4,3.44
POST00442,Instagram,2024-09-26,21:32,Video,18768,36112,635,19,10,18,1,3.63
POST00443,Twitter/X,2024-07-04,20:11,Carousel,4785,8103,186,3,1,3,0,4.03
POST00444,LinkedIn,2024-04-19,21:12,Image,19422,44123,559,24,7,15,2,3.12
POST00445,Facebook,2024-04-25,04:04,Story,18080,27560,955,20,17,13,8,5.56
POST00446,Facebook,2024-05-31,03:32,Carousel,7906,19542,616,15,9,10,4,8.22
POST00447,LinkedIn,2024-10-03,16:02,Carousel,22435,38070,1282,36,21,38,3,6.14
POST00448,Facebook,2024-12-04,22:08,Video,32005,77454,988,34,8,15,5,3.27
POST00449,Facebook,2024-11-01,19:11,Image,48972,94763,2278,95,36,54,9,5.03
POST00450,LinkedIn,2024-12-20,05:46,Image,13618,27007,405,7,2,10,3,3.11
POST00451,Instagram,2024-08-12,20:43,Video,19464,30383,431,20,3,7,0,2.37
POST00452,Twitter/X,2024-05-01,19:18,Reel,16377,19893,1101,24,6,23,5,7.05
POST00453,Twitter/X,2024-08-17,19:19,Video,10777,20432,581,23,4,11,1,5.74
POST00454,Instagram,2024-08-28,06:23,Reel,49803,111924,1666,31,28,47,3,3.56
POST00455,Facebook,2024-12-13,14:29,Video,41271,64940,1518,35,22,41,11,3.92
POST00456,LinkedIn,2024-05-24,16:33,Video,23127,43685,686,22,11,17,1,3.18
POST00457,Instagram,2024-08-02,06:51,Video,39991,69185,1101,18,19,23,4,2.9
POST00458,LinkedIn,2024-11-05,20:03,Image,28410,43688,2078,95,19,30,9,7.82
POST00459,Instagram,2024-11-24,11:35,Reel,69160,143508,4803,124,35,118,20,7.35
POST00460,LinkedIn,2024-02-22,16:54,Image,24313,43225,1222,17,9,20,9,5.22
POST00461,Facebook,2024-03-04,19:17,Reel,61332,110887,3505,92,40,58,21,6.02
POST00462,Twitter/X,2024-08-18,04:53,Image,1244,2187,45,0,0,0,0,3.62
POST00463,Instagram,2024-08-11,19:52,Reel,47784,69454,2825,116,47,62,15,6.38
POST00464,Instagram,2024-08-18,00:26,Video,60810,126240,4306,98,65,94,27,7.5
POST00465,LinkedIn,2024-01-28,20:15,Video,7419,12549,212,2,2,6,0,2.99
POST00466,LinkedIn,2024-07-16,11:14,Carousel,20734,26496,577,19,10,6,4,2.95
POST00467,Instagram,2024-01-15,18:53,Reel,22139,30204,479,16,8,12,2,2.33
POST00468,LinkedIn,2024-12-31,04:08,Carousel,18035,25736,680,24,13,7,6,4.01
POST00469,Facebook,2024-01-20,21:44,Reel,41291,69021,2180,95,15,56,19,5.68
POST00470,Instagram,2024-03-12,15:28,Carousel,18731,40175,1256,62,17,20,10,7.23
POST00471,Facebook,2024-11-11,18:01,Reel,42096,50576,1528,28,22,34,9,3.83
POST00472,Instagram,2024-05-11,19:35,Reel,25510,58378,705,10,12,20,3,2.93
POST00473,Facebook,2024-11-07,03:49,Video,51524,88757,3283,135,22,32,24,6.74
POST00474,Facebook,2024-05-27,18:03,Image,27032,35674,1862,85,32,52,11,7.51
POST00475,LinkedIn,2024-05-02,19:29,Image,5579,11098,241,4,1,3,0,4.46
POST00476,Instagram,2024-02-02,21:38,Story,10126,19152,733,36,10,19,2,7.88
POST00477,Instagram,2024-10-01,22:36,Reel,70501,163380,3915,147,40,96,27,5.95
POST00478,Instagram,2024-05-03,09:27,Reel,61368,137791,2795,139,17,71,19,4.92
POST00479,LinkedIn,2024-01-01,07:36,Image,20542,41129,1458,26,10,42,2,7.48
POST00480,Facebook,2024-08-01,18:33,Reel,77050,169738,4554,197,89,88,7,6.4
POST00481,Instagram,2024-07-03,22:34,Video,38004,47659,1895,71,16,30,12,5.29
POST00482,Twitter/X,2024-09-16,16:35,Carousel,2466,3394,181,2,3,5,1,7.75
POST00483,LinkedIn,2024-01-11,21:02,Image,19356,46159,411,9,2,10,3,2.23
POST00484,Instagram,2024-11-21,20:16,Reel,30008,72314,1817,40,19,38,14,6.38
POST00485,Instagram,2024-01-09,18:22,Reel,20228,45725,971,12,7,10,5,4.94
POST00486,Instagram,2024-05-03,20:06,Image,56441,97130,1518,68,17,26,10,2.89
POST00487,Facebook,2024-10-24,10:08,Reel,21525,37441,1373,21,10,18,4,6.61
POST00488,Facebook,2024-01-23,20:52,Image,35686,58507,985,25,7,24,2,2.92
POST00489,Instagram,2024-11-25,21:44,Reel,75406,147047,3071,129,40,35,18,4.34
POST00490,Twitter/X,2024-09-02,04:04,Video,1959,4588,104,4,1,2,0,5.67
POST00491,Instagram,2024-08-22,19:02,Reel,43780,99685,1086,31,15,28,8,2.65
POST00492,Instagram,2024-04-12,10:59,Story,10758,17428,852,19,9,18,6,8.35
POST00493,Facebook,2024-06-07,17:30,Video,14212,34346,857,25,14,24,1,6.47
POST00494,Twitter/X,2024-05-09,19:18,Image,15363,22963,829,19,11,8,1,5.64
POST00495,Instagram,2024-07-01,01:55,Video,40751,88746,3029,131,24,57,8,7.95
POST00496,Instagram,2024-12-01,18:51,Reel,92128,176986,6408,225,107,140,30,7.47
POST00497,Twitter/X,2024-07-07,12:47,Video,13815,24033,288,8,1,7,2,2.2
POST00498,LinkedIn,2024-08-13,12:21,Image,13706,20487,822,10,9,10,2,6.21
POST00499,Instagram,2024-04-05,15:23,Reel,25171,42806,1794,86,32,27,4,7.7
POST00500,Facebook,2024-09-22,18:46,Image,44970,58123,2447,79,44,51,23,5.83
POST00501,Instagram,2024-08-05,22:52,Image,34832,82676,1793,50,17,39,9,5.45
POST00502,Facebook,2024-04-02,10:06,Story,28070,38316,769,23,6,13,7,2.89
POST00503,LinkedIn,2024-02-10,20:19,Carousel,10708,25768,272,5,4,3,0,2.65
POST00504,Instagram,2024-08-16,13:10,Carousel,35951,73658,1969,21,39,21,19,5.7
POST00505,Facebook,2024-12-19,14:02,Story,28184,48225,964,13,7,25,6,3.58
POST00506,Facebook,2024-06-29,13:17,Video,9987,12928,367,8,6,10,1,3.92
POST00507,Twitter/X,2024-11-23,01:04,Carousel,10643,19549,615,24,8,6,1,6.14
POST00508,LinkedIn,2024-12-09,11:32,Image,12171,23756,851,35,15,9,6,7.48
POST00509,Instagram,2024-12-13,18:09,Reel,50447,104853,2881,94,16,65,22,6.06
POST00510,Twitter/X,2024-11-07,14:02,Image,10654,25932,775,35,15,10,3,7.84
POST00511,LinkedIn,2024-03-05,20:23,Video,12765,25092,974,23,8,22,2,8.05
POST00512,Instagram,2024-07-15,01:38,Video,10606,22961,228,5,3,4,0,2.26
POST00513,LinkedIn,2024-03-19,11:23,Video,12955,18842,657,9,7,10,6,5.27
POST00514,Instagram,2024-08-15,18:08,Reel,73987,119471,3324,153,28,39,12,4.79
POST00515,Instagram,2024-09-28,20:41,Image,8929,11421,195,7,2,2,0,2.31
POST00516,Facebook,2024-05-22,18:01,Image,10644,14456,588,13,8,15,3,5.86
POST00517,Instagram,2024-04-05,12:58,Video,55047,85291,1757,34,16,37,11,3.35
POST00518,Facebook,2024-10-14,20:45,Reel,19300,27609,1223,50,19,26,1,6.83
POST00519,Facebook,2024-08-16,22:18,Reel,7380,15086,443,18,8,4,1,6.41
POST00520,Twitter/X,2024-12-21,15:12,Video,2323,5226,169,7,0,4,0,7.75
POST00521,Instagram,2024-03-03,18:28,Reel,26318,33535,743,7,13,7,2,2.93
POST00522,Facebook,2024-03-29,14:05,Video,35942,78641,1392,36,11,41,9,4.12
POST00523,Twitter/X,2024-12-15,10:42,Image,1178,2770,34,0,0,0,0,2.89
POST00524,Twitter/X,2024-06-26,17:34,Video,2250,3304,113,2,1,2,0,5.24
POST00525,Instagram,2024-05-28,05:45,Reel,8839,12889,592,27,6,14,5,7.23
POST00526,LinkedIn,2024-12-29,20:11,Image,6883,14000,148,6,2,2,1,2.3
POST00527,Instagram,2024-07-04,03:12,Reel,42183,98629,1609,71,28,40,3,4.14
POST00528,LinkedIn,2024-03-12,21:01,Carousel,30213,49280,1511,54,19,18,5,5.3
POST00529,LinkedIn,2024-07-03,11:29,Carousel,8221,14625,205,7,1,5,1,2.65
POST00530,Instagram,2024-10-09,18:04,Carousel,49030,67229,3054,121,46,45,27,6.66
POST00531,Instagram,2024-06-07,21:33,Image,7648,17619,328,5,5,6,0,4.5
POST00532,LinkedIn,2024-07-29,18:04,Video,34153,62170,2308,113,43,66,10,7.41
POST00533,Facebook,2024-03-05,20:04,Carousel,44920,62195,1718,26,24,27,6,4.0
POST00534,Instagram,2024-08-18,16:22,Video,55152,111450,1998,39,38,31,15,3.82
POST00535,Facebook,2024-03-06,17:40,Image,18581,44315,618,7,5,12,1,3.46
POST00536,Instagram,2024-10-27,19:27,Reel,44885,83359,2265,35,44,33,3,5.3
POST00537,LinkedIn,2024-09-14,01:53,Video,8365,14629,561,10,9,12,2,7.08
POST00538,Facebook,2024-03-04,09:10,Image,39993,96385,2385,95,23,64,7,6.42
POST00539,Instagram,2024-03-23,19:22,Reel,68905,100981,3109,58,15,87,26,4.74
POST00540,LinkedIn,2024-09-22,02:16,Image,11637,25051,844,32,7,20,3,7.76
POST00541,Instagram,2024-04-10,17:17,Image,48066,96503,3034,43,16,90,9,6.62
POST00542,Instagram,2024-03-05,19:34,Video,25972,52257,645,18,10,15,5,2.65
POST00543,Twitter/X,2024-02-17,05:37,Carousel,12445,15094,829,23,16,16,8,7.1
POST00544,LinkedIn,2024-10-24,22:46,Image,26006,61177,1142,50,10,23,9,4.71
POST00545,Instagram,2024-11-05,22:02,Story,41931,94954,1687,72,8,27,5,4.28
POST00546,Instagram,2024-01-15,22:16,Image,41521,72935,983,18,10,18,9,2.48
POST00547,LinkedIn,2024-11-29,22:26,Carousel,6441,8623,497,6,4,7,1,7.98
POST00548,Instagram,2024-11-12,15:56,Carousel,6301,13442,233,5,1,5,0,3.87
POST00549,Twitter/X,2024-11-17,20:19,Image,10449,25517,363,16,2,9,0,3.73
POST00550,Facebook,2024-09-04,21:19,Carousel,47446,57822,3234,159,45,64,28,7.38
POST00551,Twitter/X,2024-08-20,18:10,Carousel,20057,28237,1233,20,11,24,10,6.42
POST00552,LinkedIn,2024-08-13,14:13,Reel,28231,38215,1244,51,10,17,11,4.68
POST00553,Instagram,2024-06-23,10:55,Video,15518,33443,961,42,6,23,5,6.65
POST00554,LinkedIn,2024-06-12,11:25,Video,14296,24247,950,22,13,13,2,6.98
POST00555,Twitter/X,2024-03-07,16:35,Carousel,11754,26725,726,34,12,15,5,6.7
POST00556,Twitter/X,2024-02-24,21:07,Video,7572,14957,521,13,3,7,1,7.18
POST00557,Instagram,2024-05-16,04:06,Reel,62878,123395,3242,130,50,44,16,5.51
POST00558,Facebook,2024-01-26,21:55,Video,46666,109608,1893,70,10,45,7,4.32
POST00559,Instagram,2024-11-11,05:52,Reel,38859,51029,1248,39,10,26,3,3.4
POST00560,LinkedIn,2024-06-16,23:20,Image,11533,26018,467,6,6,10,3,4.24
POST00561,Instagram,2024-04-07,15:32,Reel,33462,64253,1742,31,13,49,6,5.48
POST00562,Facebook,2024-08-27,09:31,Carousel,11926,14370,597,19,8,6,2,5.28
POST00563,Facebook,2024-01-12,21:32,Image,41818,90622,3142,84,31,91,15,8.01
POST00564,Facebook,2024-08-22,06:37,Video,18263,35058,693,18,6,16,5,4.01
POST00565,LinkedIn,2024-06-29,20:31,Story,10091,24453,579,22,9,15,2,6.19
POST00566,Instagram,2024-11-01,20:43,Reel,50178,85488,2760,78,39,54,19,5.84
POST00567,Instagram,2024-08-28,18:54,Image,63134,137202,3090,57,60,75,29,5.2
POST00568,Facebook,2024-02-25,08:46,Video,37360,91559,1947,67,29,45,10,5.59
POST00569,Facebook,2024-07-06,11:02,Image,30369,75025,1048,38,18,22,2,3.71
POST00570,LinkedIn,2024-07-24,22:12,Reel,37016,78145,2640,70,25,75,14,7.59
POST00571,Facebook,2024-07-04,02:24,Image,6089,9901,419,14,4,8,3,7.31
POST00572,Instagram,2024-09-15,17:17,Carousel,27884,61619,1975,34,22,26,14,7.38
POST00573,Facebook,2024-11-15,03:08,Reel,38203,56359,859,19,11,23,6,2.39
POST00574,Facebook,2024-02-19,20:35,Story,36633,77114,1156,15,15,30,2,3.32
POST00575,LinkedIn,2024-07-06,06:38,Carousel,22224,42975,1245,20,13,27,12,5.87
POST00576,LinkedIn,2024-09-17,01:02,Carousel,23584,50410,731,16,8,7,2,3.23
POST00577,Facebook,2024-01-20,20:51,Image,19425,36423,618,26,4,7,3,3.37
POST00578,LinkedIn,2024-08-30,04:38,Video,14358,27648,586,27,11,11,2,4.42
POST00579,LinkedIn,2024-09-20,22:20,Image,20122,32944,1513,15,20,37,8,7.88
POST00580,Instagram,2024-03-24,22:47,Story,29959,42945,1104,31,13,28,8,3.93
POST00581,Facebook,2024-06-02,16:53,Carousel,20400,44867,483,15,3,5,0,2.48
POST00582,LinkedIn,2024-09-17,22:36,Image,6472,12372,495,9,3,8,3,7.96
POST00583,Twitter/X,2024-06-02,00:23,Image,5497,8971,214,3,2,2,1,4.02
POST00584,Twitter/X,2024-06-18,13:37,Story,11577,22934,718,15,10,13,3,6.53
POST00585,LinkedIn,2024-06-06,23:55,Image,4880,6462,220,3,1,4,0,4.67
POST00586,Instagram,2024-12-18,19:30,Video,13945,26871,709,9,3,20,3,5.31
POST00587,Facebook,2024-05-15,18:36,Image,12630,30467,688,10,9,17,3,5.73
POST00588,Twitter/X,2024-04-26,18:30,Video,22918,48930,831,18,14,16,5,3.84
POST00589,Facebook,2024-03-28,23:39,Image,24646,35471,1611,46,13,35,2,6.92
POST00590,Instagram,2024-07-13,19:02,Reel,92710,164623,6567,119,126,110,64,7.47
POST00591,LinkedIn,2024-10-20,03:12,Carousel,15161,18871,708,30,12,8,4,5.0
POST00592,Twitter/X,2024-01-10,13:09,Video,22726,31221,1729,69,33,40,7,8.23
POST00593,Twitter/X,2024-07-30,13:32,Image,17928,26528,1033,48,20,11,3,6.2
POST00594,Instagram,2024-11-09,23:46,Reel,63067,98863,2413,119,35,58,23,4.16
POST00595,Facebook,2024-02-01,16:13,Carousel,30586,62165,2172,86,28,50,7,7.64
POST00596,Facebook,2024-10-14,21:33,Video,50975,110364,1717,21,16,33,4,3.51
POST00597,Facebook,2024-07-11,19:29,Video,33112,76993,1809,66,9,30,14,5.78
POST00598,Instagram,2024-09-29,20:43,Video,10619,19709,217,8,3,2,0,2.17
POST00599,Twitter/X,2024-12-14,22:16,Video,9139,21777,576,19,9,15,2,6.77
POST00600,Facebook,2024-11-08,07:17,Video,8438,18428,517,23,10,9,1,6.62
POST00601,Instagram,2024-10-12,20:49,Reel,60048,87981,4178,134,24,122,23,7.42
POST00602,Instagram,2024-05-27,22:45,Reel,88611,181305,5042,85,64,122,49,6.0
POST00603,Instagram,2024-09-07,20:35,Image,26623,43819,2110,62,16,58,10,8.44
POST00604,LinkedIn,2024-05-20,22:43,Story,23655,44424,650,31,9,16,1,2.98
POST00605,Instagram,2024-10-05,21:52,Image,56411,98083,4295,121,40,91,8,8.06
POST00606,Facebook,2024-06-25,04:18,Reel,9939,18846,483,12,8,13,1,5.19
POST00607,Facebook,2024-01-22,18:22,Story,37541,90485,864,27,15,13,4,2.45
POST00608,Instagram,2024-08-14,23:30,Story,26952,46531,2154,26,29,25,5,8.29
POST00609,Facebook,2024-04-19,22:17,Video,31649,41037,852,38,10,20,3,2.91
POST00610,Instagram,2024-10-14,04:06,Video,52020,62842,3570,171,22,47,34,7.32
POST00611,Facebook,2024-11-11,07:15,Image,14182,26866,869,34,7,23,8,6.58
POST00612,Instagram,2024-01-26,16:14,Carousel,44335,62951,3486,153,43,76,10,8.48
POST00613,Facebook,2024-11-22,18:26,Carousel,34384,71120,962,42,16,9,8,2.99
POST00614,Instagram,2024-06-18,03:43,Video,62279,113934,4212,139,42,110,13,7.23
POST00615,Instagram,2024-03-11,22:59,Reel,12747,17675,396,6,5,10,0,3.27
POST00616,LinkedIn,2024-03-21,15:30,Carousel,2988,4533,140,6,2,2,0,5.02
POST00617,Instagram,2024-11-29,20:20,Reel,76046,103555,4256,136,54,101,36,5.98
POST00618,Instagram,2024-05-26,02:41,Carousel,23625,44507,1447,30,23,15,2,6.41
POST00619,Facebook,2024-10-20,18:58,Video,45864,57893,3527,135,17,89,19,8.22
POST00620,LinkedIn,2024-03-30,05:59,Video,20044,49675,691,25,10,15,1,3.7
POST00621,LinkedIn,2024-01-19,12:50,Image,21941,54467,805,20,12,21,3,3.91
POST00622,Instagram,2024-09-10,20:56,Story,32933,80333,802,14,8,17,4,2.55
POST00623,Instagram,2024-01-20,22:38,Video,78148,115471,3490,133,28,60,15,4.75
POST00624,Twitter/X,2024-02-24,10:18,Story,1349,2174,48,1,0,1,0,3.71
POST00625,Facebook,2024-08-20,17:33,Carousel,36122,73194,2874,118,24,38,25,8.45
POST00626,Facebook,2024-09-09,04:54,Image,11418,25815,902,41,16,9,1,8.48
POST00627,Facebook,2024-09-15,06:51,Video,10484,14711,682,22,6,13,2,6.9
POST00628,Facebook,2024-02-27,21:41,Carousel,41307,83491,2111,25,17,41,8,5.31
POST00629,Instagram,2024-05-11,00:47,Reel,72672,92187,3398,109,32,64,8,4.96
POST00630,Instagram,2024-06-21,18:43,Reel,50552,119791,2917,80,16,58,22,6.07
POST00631,Instagram,2024-04-08,21:52,Carousel,44458,55336,2593,34,29,41,15,6.07
POST00632,Instagram,2024-08-06,02:25,Reel,44493,62840,1168,18,21,24,6,2.77
POST00633,Instagram,2024-12-08,19:30,Reel,40983,56057,2644,94,25,59,7,6.89
POST00634,Facebook,2024-06-14,00:16,Carousel,22642,38504,1733,59,30,41,3,8.23
POST00635,LinkedIn,2024-07-15,20:21,Image,9424,13398,435,12,7,9,2,4.91
POST00636,Twitter/X,2024-06-03,18:00,Image,17124,39167,1343,65,8,35,9,8.47
POST00637,Facebook,2024-05-13,22:15,Image,54196,129277,2511,29,26,66,18,4.86
POST00638,Facebook,2024-02-01,14:19,Image,4211,9346,323,6,3,9,1,8.1
POST00639,Twitter/X,2024-03-22,16:59,Story,12442,25969,743,28,6,12,1,6.34
POST00640,LinkedIn,2024-12-26,22:07,Image,22024,30428,1386,67,27,27,12,6.84
POST00641,LinkedIn,2024-11-23,09:23,Video,29688,68000,2156,42,28,29,4,7.6
POST00642,Twitter/X,2024-11-10,19:30,Carousel,14928,31900,758,25,10,15,4,5.41
POST00643,LinkedIn,2024-03-19,19:23,Carousel,32173,46411,1006,17,5,21,8,3.26
POST00644,Instagram,2024-07-31,15:48,Image,9773,14304,780,24,7,23,7,8.53
POST00645,Facebook,2024-10-02,06:48,Image,26515,51836,1710,63,13,29,3,6.85
POST00646,Instagram,2024-05-06,19:55,Reel,40311,80850,993,30,10,16,6,2.6
POST00647,Instagram,2024-02-11,16:45,Carousel,30401,64275,2130,26,34,57,7,7.39
POST00648,Facebook,2024-07-04,22:07,Video,61580,76571,3373,56,52,45,10,5.73
POST00649,Facebook,2024-02-01,16:12,Story,6861,15002,343,15,2,7,1,5.35
POST00650,Instagram,2024-10-20,05:20,Reel,48492,105774,1870,52,20,55,6,4.12
POST00651,Instagram,2024-09-23,21:13,Reel,43205,98634,2050,41,37,28,19,4.99
POST00652,Instagram,2024-10-25,16:28,Reel,25786,63403,1216,58,18,19,3,5.08
POST00653,Instagram,2024-01-29,16:26,Image,39808,77504,2025,61,13,37,10,5.37
POST00654,LinkedIn,2024-08-21,17:29,Carousel,7795,10233,266,4,1,4,0,3.53
POST00655,Instagram,2024-12-10,23:01,Image,6582,10175,147,4,2,3,1,2.37
POST00656,Twitter/X,2024-07-21,18:47,Image,1731,3128,105,2,0,2,0,6.3
POST00657,Instagram,2024-04-21,01:27,Carousel,29207,52071,1441,26,8,30,2,5.15
POST00658,Facebook,2024-06-25,17:03,Story,12880,19463,739,21,13,11,0,6.09
POST00659,Instagram,2024-02-05,15:02,Video,14992,32010,325,8,4,4,2,2.27
POST00660,Instagram,2024-05-26,04:49,Reel,54517,107663,1441,15,26,22,12,2.76
POST00661,Twitter/X,2024-11-24,20:26,Image,22460,39031,1364,26,8,34,9,6.38
POST00662,Twitter/X,2024-07-10,12:28,Image,11473,16209,435,6,3,11,1,3.97
POST00663,Instagram,2024-07-12,22:08,Video,47426,82569,1422,70,24,22,2,3.24
POST00664,Instagram,2024-11-30,03:11,Image,21363,47478,739,16,9,8,4,3.61
POST00665,Twitter/X,2024-10-02,19:46,Video,15157,30745,367,8,4,10,1,2.57
POST00666,LinkedIn,2024-04-24,00:19,Video,24952,42602,1833,77,28,27,16,7.88
POST00667,Instagram,2024-08-25,17:27,Reel,58072,70944,4205,81,34,103,16,7.62
POST00668,Facebook,2024-09-29,19:15,Image,26089,55636,1561,37,8,37,14,6.3
POST00669,Facebook,2024-08-23,20:12,Video,63382,118741,1296,34,20,24,9,2.17
POST00670,Instagram,2024-02-27,21:39,Carousel,46459,66494,1909,52,11,41,12,4.33
POST00671,LinkedIn,2024-01-09,18:06,Image,10833,19309,533,9,7,9,5,5.15
POST00672,Facebook,2024-10-31,22:43,Video,67631,157556,5022,50,69,122,32,7.78
POST00673,Instagram,2024-12-26,07:47,Video,32033,76536,1285,61,16,29,7,4.34
POST00674,Instagram,2024-01-23,07:34,Reel,70357,169484,3343,57,31,36,17,4.93
POST00675,Twitter/X,2024-04-21,01:08,Carousel,2209,3853,112,1,2,2,0,5.3
POST00676,Facebook,2024-09-14,07:52,Image,7710,12323,599,29,5,11,5,8.35
POST00677,Instagram,2024-10-21,22:49,Reel,91162,118712,3633,72,72,64,27,4.21
POST00678,LinkedIn,2024-12-10,07:19,Image,16831,26351,751,14,3,20,7,4.68
POST00679,Instagram,2024-03-14,16:14,Video,44856,93494,3118,49,23,80,20,7.29
POST00680,Instagram,2024-07-30,18:35,Reel,42404,100443,2435,37,16,65,5,6.02
POST00681,Facebook,2024-10-29,05:40,Image,4040,9615,101,4,1,2,0,2.67
POST00682,LinkedIn,2024-12-13,15:03,Carousel,18776,45496,581,18,6,17,2,3.31
POST00683,Facebook,2024-06-25,21:24,Story,12457,15670,356,3,4,10,2,2.99
POST00684,LinkedIn,2024-09-25,21:26,Image,4116,9771,258,11,3,3,2,6.68
POST00685,Instagram,2024-03-17,19:48,Video,48822,99730,1481,66,21,19,14,3.25
POST00686,Facebook,2024-10-02,07:19,Image,10957,16940,239,3,3,6,0,2.29
POST00687,LinkedIn,2024-12-28,21:58,Carousel,5968,11404,314,4,3,8,2,5.51
POST00688,Instagram,2024-01-30,13:35,Image,5727,7461,268,3,1,5,2,4.84
POST00689,Twitter/X,2024-09-28,19:16,Reel,33948,52837,1330,53,22,23,6,4.21
POST00690,Instagram,2024-04-14,18:59,Video,59830,84307,3710,149,24,74,30,6.61
POST00691,Twitter/X,2024-08-18,02:34,Video,4202,7968,183,8,2,3,0,4.66
POST00692,LinkedIn,2024-04-07,21:43,Carousel,10708,21033,814,31,15,22,5,8.24
POST00693,Facebook,2024-11-05,02:12,Reel,35734,86978,1368,22,16,22,1,4.0
POST00694,Instagram,2024-10-27,17:13,Reel,9670,12634,366,13,3,5,0,4.0
POST00695,Facebook,2024-09-02,20:19,Image,49571,72759,3101,33,34,79,12,6.55
POST00696,Facebook,2024-01-08,19:47,Image,41788,81839,1995,85,30,27,16,5.11
POST00697,Facebook,2024-03-01,15:58,Image,22049,34127,1127,21,7,14,7,5.3
POST00698,LinkedIn,2024-05-04,22:13,Image,14740,20125,1103,32,13,11,8,7.86
POST00699,Facebook,2024-07-22,17:20,Image,19138,42925,1286,39,12,16,4,7.07
POST00700,Facebook,2024-05-24,22:41,Carousel,29446,42799,1142,39,16,27,2,4.16
POST00701,LinkedIn,2024-07-02,20:32,Video,9046,15108,239,10,4,3,1,2.83
POST00702,Facebook,2024-09-11,23:30,Reel,34407,49110,2076,35,32,41,14,6.35
POST00703,Instagram,2024-06-12,11:20,Reel,64647,133518,3207,150,16,78,28,5.34
POST00704,Instagram,2024-07-30,19:47,Reel,78489,194852,1833,28,10,41,2,2.44
POST00705,LinkedIn,2024-03-15,22:59,Video,8671,16735,262,4,2,5,0,3.15
POST00706,Instagram,2024-10-26,13:18,Story,35471,53681,742,18,4,11,1,2.18
POST00707,Instagram,2024-03-19,19:24,Video,23381,56552,1438,23,12,38,4,6.46
POST00708,Instagram,2024-10-18,15:35,Reel,71946,172386,4245,57,81,64,17,6.18
POST00709,Facebook,2024-12-01,10:16,Image,21549,29313,949,22,15,24,2,4.69
POST00710,Facebook,2024-09-07,20:47,Video,58983,98506,2617,110,27,28,6,4.72
POST00711,Twitter/X,2024-09-08,23:50,Image,18771,32047,1027,47,13,13,4,5.86
POST00712,LinkedIn,2024-06-29,22:31,Reel,23231,54055,1710,80,10,35,13,7.9
POST00713,LinkedIn,2024-04-04,17:41,Reel,10366,14966,213,2,2,5,0,2.14
POST00714,Instagram,2024-01-31,02:52,Image,25803,49408,1475,53,25,21,3,6.1
POST00715,Twitter/X,2024-12-08,18:26,Image,20687,47482,1035,50,6,16,6,5.35
POST00716,Facebook,2024-03-11,07:04,Story,15686,35861,1218,49,17,26,10,8.35
POST00717,Facebook,2024-12-28,19:32,Carousel,32108,70343,2016,36,27,55,9,6.65
POST00718,Twitter/X,2024-08-21,22:40,Video,13683,29664,1065,41,21,25,3,8.42
POST00719,LinkedIn,2024-12-07,15:42,Carousel,19709,24104,1225,13,17,16,7,6.45
POST00720,Facebook,2024-09-06,22:35,Image,44115,87410,3128,142,38,76,12,7.67
POST00721,Instagram,2024-07-29,22:46,Video,69472,111775,1741,65,27,29,2,2.68
POST00722,Facebook,2024-05-20,09:01,Video,5158,12564,229,6,1,2,1,4.61
POST00723,Facebook,2024-09-14,21:27,Video,54310,71836,1495,39,24,41,10,2.94
POST00724,Instagram,2024-04-01,18:33,Reel,66084,150134,2977,38,27,88,18,4.74
POST00725,LinkedIn,2024-03-17,22:33,Image,14821,17980,428,17,5,8,4,3.09
POST00726,Twitter/X,2024-05-09,08:50,Image,16651,38347,1238,39,17,18,10,7.88
POST00727,Facebook,2024-07-22,21:29,Video,38131,86910,2281,53,43,64,6,6.4
POST00728,Instagram,2024-10-16,19:19,Reel,47119,114598,1094,15,8,26,7,2.43
POST00729,Twitter/X,2024-12-16,02:41,Reel,9898,19047,638,13,8,7,3,6.73
POST00730,LinkedIn,2024-11-28,02:25,Carousel,19193,34083,1030,45,12,29,5,5.81
POST00731,Facebook,2024-07-13,21:03,Carousel,26446,49705,566,15,5,14,1,2.27
POST00732,Instagram,2024-11-22,19:05,Video,50241,73296,2285,58,42,57,12,4.86
POST00733,Twitter/X,2024-09-12,20:50,Video,22614,37024,1248,17,19,22,10,5.78
POST00734,Facebook,2024-06-18,03:57,Image,25942,62874,1891,57,31,40,11,7.78
POST00735,Instagram,2024-09-27,07:13,Image,38743,82147,2433,48,36,33,5,6.58
POST00736,Twitter/X,2024-12-20,15:17,Video,20144,25838,1069,46,21,19,4,5.73
POST00737,Twitter/X,2024-01-24,21:59,Image,24281,51902,821,30,16,19,7,3.65
POST00738,Twitter/X,2024-05-23,18:42,Video,10204,12979,533,6,10,13,3,5.51
POST00739,LinkedIn,2024-01-17,20:01,Reel,37249,71189,2197,88,31,45,17,6.34
POST00740,LinkedIn,2024-04-16,22:52,Reel,26082,52407,537,9,6,15,2,2.17
POST00741,Facebook,2024-07-22,09:10,Carousel,13635,17528,850,16,9,16,7,6.53
POST00742,Facebook,2024-10-15,21:43,Image,50401,111618,1616,21,19,16,2,3.32
POST00743,LinkedIn,2024-10-03,19:50,Carousel,6283,9821,257,12,2,7,0,4.42
POST00744,Instagram,2024-12-18,16:47,Carousel,12869,29584,818,40,6,11,2,6.8
POST00745,LinkedIn,2024-06-26,21:14,Image,13658,32507,871,34,5,14,7,6.77
POST00746,Instagram,2024-02-08,22:38,Image,69995,84821,1716,34,25,47,8,2.6
POST00747,Facebook,2024-07-22,10:01,Image,23080,44466,927,28,18,22,6,4.31
POST00748,Instagram,2024-11-20,21:31,Reel,102639,201311,2105,85,33,36,3,2.2
POST00749,LinkedIn,2024-04-26,21:27,Story,7744,15269,437,11,6,6,3,5.94
POST00750,Instagram,2024-04-05,21:24,Reel,87893,153489,4722,48,29,130,8,5.61
POST00751,LinkedIn,2024-02-13,09:51,Carousel,3363,5680,254,7,3,7,2,8.06
POST00752,Facebook,2024-05-06,02:17,Video,12032,21800,276,4,4,5,1,2.4
POST00753,Facebook,2024-03-19,19:47,Carousel,40887,69811,3047,34,50,85,15,7.87
POST00754,Facebook,2024-07-18,18:05,Story,44279,83256,1195,18,15,34,4,2.85
POST00755,Twitter/X,2024-01-03,14:23,Carousel,9940,12665,600,18,8,13,2,6.43
POST00756,Instagram,2024-05-18,18:11,Video,88956,153740,4368,138,75,58,36,5.21
POST00757,LinkedIn,2024-08-08,17:32,Video,24614,43555,1700,54,32,49,2,7.46
POST00758,Facebook,2024-07-27,18:22,Reel,31585,56371,2065,86,25,57,7,7.07
POST00759,Facebook,2024-10-10,22:50,Carousel,11559,16719,849,23,6,15,3,7.73
POST00760,Facebook,2024-06-15,00:18,Reel,16249,22662,388,15,5,6,3,2.55
POST00761,Facebook,2024-07-30,18:46,Carousel,7274,15885,290,11,2,3,1,4.21
POST00762,LinkedIn,2024-10-13,07:36,Image,5003,6860,357,12,3,7,2,7.58
POST00763,LinkedIn,2024-09-23,21:10,Image,4124,5043,210,6,2,3,1,5.36
POST00764,Instagram,2024-03-12,20:31,Carousel,51280,89218,1898,40,23,46,8,3.91
POST00765,Facebook,2024-03-15,21:17,Video,33094,64287,2141,53,20,41,17,6.81
POST00766,Twitter/X,2024-08-03,18:23,Video,35123,83390,910,17,14,24,7,2.75
POST00767,Facebook,2024-05-08,23:40,Image,32309,49004,1554,52,28,43,11,5.19
POST00768,Instagram,2024-09-10,06:29,Reel,60043,98384,1524,73,26,29,4,2.75
POST00769,Twitter/X,2024-02-24,18:25,Image,26671,55043,1667,28,30,31,3,6.58
POST00770,LinkedIn,2024-06-19,12:51,Carousel,21448,49534,1377,62,15,34,13,6.94
POST00771,LinkedIn,2024-06-17,13:52,Image,4367,6967,109,1,1,2,0,2.59
POST00772,Twitter/X,2024-11-29,04:19,Image,5677,7288,444,14,5,9,2,8.31
POST00773,Instagram,2024-06-13,22:12,Video,23230,54149,1351,22,15,21,10,6.07
POST00774,Facebook,2024-09-02,21:20,Story,41966,69727,2052,61,19,50,18,5.2
POST00775,Twitter/X,2024-05-29,20:31,Carousel,12755,24662,569,13,3,6,4,4.63
POST00776,Instagram,2024-10-21,10:24,Video,56397,81454,1628,22,22,36,6,3.03
POST00777,Facebook,2024-05-23,12:23,Carousel,21000,45387,957,22,9,24,1,4.82
POST00778,Instagram,2024-02-28,06:37,Carousel,22352,41603,520,16,9,11,4,2.49
POST00779,LinkedIn,2024-10-06,22:01,Carousel,22255,54647,732,31,5,10,5,3.5
POST00780,Facebook,2024-08-24,06:28,Story,20329,34638,800,37,8,14,1,4.23
POST00781,LinkedIn,2024-05-29,02:52,Image,12131,28983,364,5,2,10,0,3.14
POST00782,Facebook,2024-07-28,04:40,Video,45589,58958,1532,72,28,39,1,3.67
POST00783,Instagram,2024-06-04,19:45,Reel,94684,225581,5494,70,102,160,9,6.15
POST00784,Facebook,2024-08-04,02:28,Video,12568,20227,482,7,4,8,3,3.99
POST00785,Instagram,2024-11-02,12:34,Video,12898,22766,407,7,6,6,3,3.3
POST00786,Instagram,2024-09-16,22:26,Video,27448,63426,557,26,3,14,2,2.19
POST00787,LinkedIn,2024-10-05,20:44,Video,43293,104293,1862,55,34,48,1,4.62
POST00788,Instagram,2024-10-01,02:06,Reel,74985,156323,5363,188,88,135,22,7.7
POST00789,Instagram,2024-05-07,11:10,Carousel,20037,47574,484,5,9,11,2,2.54
POST00790,LinkedIn,2024-11-27,18:41,Carousel,29560,59118,1321,62,7,18,8,4.76
POST00791,Facebook,2024-12-12,10:50,Image,38912,66030,1436,55,25,33,8,3.98
POST00792,Instagram,2024-08-08,18:16,Image,22876,36886,1509,45,14,39,13,7.02
POST00793,LinkedIn,2024-04-23,16:35,Image,4399,6939,320,5,5,9,2,7.71
POST00794,Instagram,2024-10-24,07:28,Story,8097,14644,593,21,6,9,2,7.77
POST00795,Facebook,2024-07-10,22:44,Video,38592,94157,2258,49,15,60,9,6.17
POST00796,LinkedIn,2024-09-13,18:30,Video,11069,14371,604,21,10,9,1,5.82
POST00797,Facebook,2024-02-23,18:07,Video,63391,79267,2006,63,38,53,17,3.41
POST00798,Instagram,2024-03-13,20:29,Reel,35952,80758,1514,66,25,25,10,4.53
POST00799,Instagram,2024-04-15,11:30,Carousel,11722,24821,811,15,12,14,3,7.27
POST00800,LinkedIn,2024-02-19,22:28,Image,8912,16875,178,3,1,2,1,2.06
POST00801,Instagram,2024-06-12,18:51,Video,58060,71261,1288,59,7,35,3,2.39
POST00802,LinkedIn,2024-12-29,20:41,Image,18639,41573,1048,31,5,31,4,5.98
POST00803,Instagram,2024-02-25,05:59,Reel,19033,29257,1107,31,19,31,11,6.24
POST00804,Instagram,2024-05-04,17:10,Carousel,29843,58732,1502,16,28,17,10,5.24
POST00805,LinkedIn,2024-06-18,14:14,Carousel,19616,35960,1425,44,27,28,7,7.77
POST00806,Instagram,2024-07-26,05:40,Carousel,13205,25389,584,16,3,9,2,4.63
POST00807,Facebook,2024-12-02,00:47,Video,19060,23721,950,15,7,16,4,5.18
POST00808,Facebook,2024-11-10,14:37,Image,25620,36826,1394,49,18,34,5,5.84
POST00809,LinkedIn,2024-08-07,19:13,Video,5493,8717,120,4,1,1,0,2.29
POST00810,Twitter/X,2024-05-22,02:36,Video,10653,19047,240,5,2,6,1,2.37
POST00811,Instagram,2024-02-22,17:11,Story,33653,49194,2609,90,23,29,3,8.17
POST00812,Instagram,2024-07-06,21:07,Carousel,36083,77260,1180,16,18,15,9,3.41
POST00813,Instagram,2024-05-14,15:33,Video,64706,135904,3514,162,24,72,31,5.83
POST00814,Facebook,2024-11-23,21:39,Video,50691,79158,2000,95,18,38,14,4.24
POST00815,Instagram,2024-07-19,11:22,Reel,30123,70093,1734,63,11,50,3,6.17
POST00816,LinkedIn,2024-08-22,21:45,Image,31281,66814,2040,38,23,45,16,6.86
POST00817,Instagram,2024-06-01,18:05,Story,42431,96174,2336,70,22,57,8,5.86
POST00818,LinkedIn,2024-12-10,18:15,Image,10260,20704,635,24,3,17,3,6.62
POST00819,Instagram,2024-06-05,20:44,Video,87915,206853,3754,150,24,73,37,4.55
POST00820,LinkedIn,2024-03-13,13:38,Image,23776,58866,667,15,8,13,3,2.96
POST00821,Instagram,2024-03-11,13:11,Image,34381,68301,1842,54,23,24,15,5.65
POST00822,Facebook,2024-09-06,22:58,Image,38984,94036,2995,74,21,61,6,8.08
POST00823,Twitter/X,2024-11-26,05:35,Image,18270,32341,1198,32,22,33,10,7.03
POST00824,Instagram,2024-03-26,04:11,Carousel,22064,44021,1190,45,22,33,11,5.85
POST00825,Instagram,2024-06-10,19:03,Image,7509,18459,265,11,3,5,1,3.78
POST00826,Facebook,2024-07-02,15:08,Image,15411,24196,1128,27,8,26,2,7.72
POST00827,LinkedIn,2024-04-09,17:32,Story,16100,38273,437,13,4,4,3,2.84
POST00828,Twitter/X,2024-11-30,21:31,Image,7855,18140,588,12,10,9,3,7.88
POST00829,Instagram,2024-07-31,14:31,Image,29815,71629,2001,46,34,36,7,7.1
POST00830,LinkedIn,2024-03-26,18:50,Image,12602,21449,618,14,6,18,4,5.21
POST00831,Instagram,2024-04-22,20:14,Reel,88957,183058,4082,165,81,94,5,4.97
POST00832,Instagram,2024-10-02,21:36,Carousel,55440,102857,2921,62,56,78,21,5.62
POST00833,Instagram,2024-09-10,03:36,Image,5256,7405,413,6,5,7,2,8.2
POST00834,Instagram,2024-02-28,22:52,Reel,19980,33678,1202,15,10,29,6,6.29
POST00835,Facebook,2024-07-06,01:48,Image,4193,7902,160,3,0,4,0,3.98
POST00836,LinkedIn,2024-08-13,13:06,Video,17356,40403,589,20,6,8,4,3.59
POST00837,LinkedIn,2024-11-30,09:55,Carousel,5614,8117,305,5,5,8,1,5.75
POST00838,Facebook,2024-01-17,11:55,Image,32318,77517,1024,49,7,20,8,3.4
POST00839,Instagram,2024-02-14,03:49,Reel,71784,143958,4345,178,58,99,4,6.52
POST00840,Instagram,2024-05-01,22:44,Story,28385,62123,2245,107,17,61,16,8.56
POST00841,Facebook,2024-06-28,19:40,Video,52816,76737,3374,54,60,68,6,6.73
POST00842,LinkedIn,2024-08-07,19:50,Video,3768,5008,211,3,1,4,0,5.81
POST00843,Facebook,2024-04-15,01:36,Image,27405,68052,1470,55,14,17,14,5.68
POST00844,Instagram,2024-06-28,19:34,Reel,76890,100273,2382,79,31,59,19,3.32
POST00845,Instagram,2024-03-27,20:18,Image,20767,31667,497,18,6,8,2,2.55
POST00846,Instagram,2024-10-20,22:57,Reel,19552,27928,1091,29,12,16,9,5.87
POST00847,Facebook,2024-12-13,04:48,Video,29278,42053,736,28,5,17,3,2.68
POST00848,Facebook,2024-07-29,08:55,Video,16217,30573,1038,12,19,24,3,6.74
POST00849,Instagram,2024-12-01,19:15,Reel,67440,154831,3454,153,17,36,31,5.43
POST00850,LinkedIn,2024-03-15,07:48,Video,10567,21537,426,16,5,6,2,4.29
POST00851,Instagram,2024-12-12,19:36,Reel,21505,33294,1209,54,24,26,5,6.11
POST00852,Instagram,2024-11-19,21:24,Video,76046,174846,4308,49,79,91,37,5.95
POST00853,LinkedIn,2024-08-19,18:25,Carousel,4824,7884,333,3,6,6,1,7.21
POST00854,Facebook,2024-09-20,22:59,Carousel,6302,7628,161,1,2,1,1,2.62
POST00855,Instagram,2024-07-07,15:20,Carousel,44159,108182,2470,104,16,44,9,5.96
POST00856,Facebook,2024-10-24,18:46,Carousel,28221,52341,2032,97,22,40,19,7.76
POST00857,Instagram,2024-08-22,22:22,Carousel,36558,88846,1641,37,23,46,14,4.78
POST00858,Twitter/X,2024-02-02,12:13,Image,18790,41348,926,21,12,23,7,5.23
POST00859,Instagram,2024-08-07,15:17,Reel,8535,20883,647,26,10,10,5,8.12
POST00860,Facebook,2024-06-14,10:35,Image,26572,36006,889,26,15,21,7,3.58
POST00861,Facebook,2024-10-22,21:50,Video,45543,71964,3301,134,37,82,31,7.8
POST00862,Facebook,2024-06-24,01:02,Image,38165,75752,1004,33,12,27,5,2.82
POST00863,Instagram,2024-02-20,14:01,Reel,29619,55099,1531,64,24,35,3,5.58
POST00864,LinkedIn,2024-03-04,05:28,Video,20252,33307,1416,29,22,16,13,7.32
POST00865,Facebook,2024-08-21,21:12,Carousel,32265,39068,971,32,15,27,7,3.24
POST00866,LinkedIn,2024-12-18,20:19,Image,18939,39370,1180,34,12,17,9,6.56
POST00867,Facebook,2024-03-22,08:05,Video,14453,18242,1026,51,18,26,4,7.76
POST00868,Instagram,2024-12-01,18:23,Reel,100123,207096,3063,101,56,50,21,3.27
POST00869,Instagram,2024-12-06,05:03,Reel,67459,151612,3787,82,69,101,19,5.99
POST00870,Instagram,2024-07-21,23:44,Reel,33060,79481,2568,45,38,30,19,8.11
POST00871,Instagram,2024-04-29,02:45,Reel,61996,86127,2750,39,37,29,15,4.61
POST00872,Twitter/X,2024-02-18,21:04,Carousel,5731,13746,150,2,2,4,1,2.76
POST00873,Instagram,2024-03-08,16:43,Reel,30882,43671,1894,57,15,31,11,6.47
POST00874,Instagram,2024-08-15,20:52,Image,27547,53442,1892,80,14,23,14,7.29
POST00875,Instagram,2024-03-02,13:44,Carousel,41310,82946,2754,82,28,42,18,7.03
POST00876,LinkedIn,2024-03-08,07:24,Carousel,15518,34051,472,10,9,14,2,3.25
POST00877,Twitter/X,2024-02-15,03:06,Video,2969,3846,68,3,0,1,0,2.43
POST00878,Instagram,2024-06-09,20:08,Carousel,17497,24849,1001,38,13,24,2,6.15
POST00879,Twitter/X,2024-07-14,04:41,Video,20906,36350,1283,30,11,38,9,6.51
POST00880,Facebook,2024-12-12,22:36,Video,46436,76260,946,27,4,11,3,2.13
POST00881,Facebook,2024-01-05,05:28,Image,11009,14246,850,16,16,15,8,8.15
POST00882,Facebook,2024-06-28,20:47,Story,43831,58844,2367,111,13,43,17,5.78
POST00883,Facebook,2024-03-18,19:43,Carousel,25823,35725,517,21,3,11,4,2.14
POST00884,Instagram,2024-08-14,02:57,Reel,65503,92442,3959,60,67,117,17,6.42
POST00885,Facebook,2024-02-21,18:37,Image,5896,9394,352,5,5,4,1,6.21
POST00886,Instagram,2024-07-15,21:20,Reel,32726,76782,2405,42,34,28,10,7.67
POST00887,LinkedIn,2024-03-12,18:15,Carousel,14874,23312,634,8,10,12,4,4.46
POST00888,Instagram,2024-10-10,23:38,Video,18138,27184,1178,41,19,22,11,6.95
POST00889,Facebook,2024-05-25,22:01,Image,17157,27137,754,33,9,17,3,4.74
POST00890,Instagram,2024-12-03,06:33,Story,19751,40448,1256,12,23,16,3,6.62
POST00891,Instagram,2024-11-06,23:25,Image,27551,49317,1659,37,17,49,5,6.4
POST00892,Facebook,2024-05-31,07:31,Carousel,31024,53974,1765,51,20,30,11,6.01
POST00893,Facebook,2024-07-16,21:40,Carousel,22985,46437,1774,56,27,37,15,8.24
POST00894,Twitter/X,2024-10-31,18:23,Image,6836,13185,175,3,1,2,1,2.65
POST00895,Instagram,2024-06-11,22:26,Reel,24956,59335,1754,50,19,25,13,7.41
POST00896,Instagram,2024-07-06,05:48,Reel,33150,66263,2318,68,15,23,8,7.31
POST00897,LinkedIn,2024-08-29,02:01,Carousel,9634,17768,436,11,3,5,1,4.72
POST00898,Instagram,2024-10-27,20:13,Video,86774,174887,3382,165,26,57,14,4.18
POST00899,Instagram,2024-01-21,12:32,Carousel,46000,74860,2605,116,13,48,7,6.05
POST00900,Facebook,2024-05-26,16:49,Video,8405,11111,426,13,5,10,1,5.4
POST00901,Twitter/X,2024-07-31,12:05,Video,7702,10749,386,16,4,7,3,5.36
POST00902,LinkedIn,2024-11-23,19:09,Video,44433,77316,1976,45,33,49,10,4.73
POST00903,Instagram,2024-05-22,18:32,Video,53505,119577,2337,69,42,42,13,4.65
POST00904,Instagram,2024-04-14,04:34,Image,18407,40489,861,24,12,10,4,4.93
POST00905,Twitter/X,2024-06-16,18:19,Image,18410,44598,656,28,11,16,1,3.86
POST00906,LinkedIn,2024-12-23,07:03,Carousel,24124,59601,536,14,3,9,5,2.33
POST00907,Twitter/X,2024-05-05,21:07,Image,4601,9355,340,5,3,4,2,7.65
POST00908,LinkedIn,2024-08-20,01:19,Carousel,11884,19602,359,4,5,9,3,3.17
POST00909,Twitter/X,2024-12-07,23:11,Carousel,3886,5422,86,3,0,1,0,2.32
POST00910,Facebook,2024-03-02,19:44,Image,55759,116805,3136,148,26,36,10,6.0
POST00911,Instagram,2024-01-06,20:33,Image,18118,25362,1364,54,21,32,3,8.12
POST00912,Instagram,2024-09-21,23:16,Reel,48250,85415,3228,133,38,83,27,7.22
POST00913,LinkedIn,2024-03-26,20:46,Image,15269,30402,818,39,11,12,2,5.76
POST00914,LinkedIn,2024-03-01,00:21,Carousel,20281,33442,1611,22,17,18,13,8.22
POST00915,Instagram,2024-08-07,18:16,Reel,71769,148899,5065,131,64,91,18,7.46
POST00916,LinkedIn,2024-12-30,20:04,Image,32159,75969,1603,70,27,29,4,5.38
POST00917,Facebook,2024-09-11,11:03,Carousel,11252,24861,779,9,11,13,6,7.22
POST00918,Twitter/X,2024-09-12,05:23,Carousel,17465,27066,1200,37,6,22,11,7.24
POST00919,Twitter/X,2024-03-21,18:57,Image,9329,12416,582,6,10,7,1,6.49
POST00920,Instagram,2024-10-20,03:14,Story,32680,66936,2170,52,16,49,8,7.0
POST00921,Twitter/X,2024-09-17,18:15,Image,5661,7920,116,2,2,1,0,2.14
POST00922,Instagram,2024-01-24,12:58,Reel,46765,97815,3273,65,46,71,14,7.39
POST00923,Facebook,2024-03-17,18:35,Video,12789,18901,336,12,5,9,2,2.83
POST00924,Instagram,2024-12-31,13:14,Carousel,23325,39288,788,25,5,12,7,3.56
POST00925,Facebook,2024-06-13,20:17,Carousel,39753,89885,3152,80,18,82,20,8.38
POST00926,Instagram,2024-02-09,03:32,Reel,11821,23815,722,10,12,7,3,6.35
POST00927,Instagram,2024-12-10,05:14,Reel,16056,24322,486,15,4,10,1,3.21
POST00928,LinkedIn,2024-09-21,12:04,Image,19821,27055,1506,67,12,38,9,8.19
POST00929,Twitter/X,2024-08-26,09:20,Video,18604,25554,718,24,11,12,6,4.11
POST00930,Facebook,2024-02-14,00:23,Video,42012,80515,2626,38,25,67,11,6.56
POST00931,Instagram,2024-04-12,20:47,Reel,80644,195636,5459,94,85,96,25,7.11
POST00932,LinkedIn,2024-11-14,20:37,Story,3638,6689,230,10,1,2,1,6.68
POST00933,Instagram,2024-09-09,06:46,Story,35795,80926,2439,71,23,55,8,7.23
POST00934,Instagram,2024-10-06,07:09,Reel,38926,51506,794,12,4,23,2,2.14
POST00935,Instagram,2024-01-04,00:14,Video,62322,116929,2610,117,28,43,7,4.49
POST00936,Facebook,2024-10-04,18:21,Video,32853,51791,1794,22,14,32,16,5.67
POST00937,Facebook,2024-01-01,12:54,Carousel,28965,51146,2224,63,40,58,21,8.23
POST00938,Twitter/X,2024-06-06,22:15,Carousel,9709,18044,522,11,4,12,4,5.65
POST00939,Instagram,2024-08-02,01:09,Image,38038,62947,2019,49,13,43,11,5.58
POST00940,Instagram,2024-12-30,18:58,Reel,25006,49200,645,20,10,16,4,2.76
POST00941,Instagram,2024-04-28,16:26,Reel,34549,71119,2205,62,33,37,15,6.76
POST00942,Instagram,2024-12-24,14:47,Reel,19725,47298,1552,16,22,28,13,8.2
POST00943,Instagram,2024-02-13,16:08,Story,14245,31789,358,6,5,3,2,2.61
POST00944,Instagram,2024-11-22,02:37,Reel,61794,123275,3816,90,25,43,24,6.43
POST00945,Facebook,2024-10-17,19:15,Carousel,6644,8263,189,6,1,2,0,2.98
POST00946,LinkedIn,2024-05-29,20:59,Carousel,25001,57539,1161,12,7,23,11,4.81
POST00947,LinkedIn,2024-07-20,23:20,Image,2036,4484,143,4,2,1,1,7.37
POST00948,LinkedIn,2024-06-11,07:04,Image,24143,36512,663,22,10,19,5,2.96
POST00949,LinkedIn,2024-04-13,22:06,Reel,29250,36209,1646,42,15,44,12,5.97
POST00950,Twitter/X,2024-03-20,21:29,Video,26931,38781,1089,34,17,15,7,4.29
POST00951,LinkedIn,2024-06-09,17:22,Video,2650,4780,171,5,2,3,1,6.83
POST00952,Facebook,2024-04-16,14:16,Story,13754,27375,750,12,5,7,0,5.63
POST00953,Twitter/X,2024-03-02,20:52,Image,24487,57142,633,17,12,16,3,2.77
POST00954,LinkedIn,2024-12-26,01:13,Carousel,21346,33438,1106,13,8,29,2,5.42
POST00955,Instagram,2024-06-16,19:22,Reel,15245,32244,900,43,16,17,1,6.4
POST00956,Facebook,2024-07-21,21:19,Carousel,36390,71140,1575,26,13,33,7,4.53
POST00957,Facebook,2024-05-13,05:01,Image,17706,22782,1235,40,18,29,4,7.47
POST00958,Facebook,2024-07-26,17:47,Story,8036,19771,520,8,3,11,2,6.74
POST00959,Instagram,2024-10-08,21:06,Carousel,31824,58834,2415,80,31,46,6,8.08
POST00960,Instagram,2024-03-12,18:53,Video,35114,42209,1804,42,36,45,14,5.49
POST00961,Twitter/X,2024-04-23,21:23,Carousel,22913,44494,1504,24,20,22,4,6.85
POST00962,Instagram,2024-12-17,20:05,Image,24879,38533,1539,15,27,16,11,6.42
POST00963,Instagram,2024-10-25,02:01,Video,62450,152999,2173,60,11,49,10,3.67
POST00964,Instagram,2024-02-03,21:51,Video,15811,30132,562,18,5,16,2,3.8
POST00965,Instagram,2024-03-06,20:07,Video,38361,51768,2366,65,45,30,16,6.53
POST00966,Facebook,2024-01-22,01:10,Story,14693,31821,898,36,11,20,8,6.57
POST00967,Instagram,2024-10-20,23:25,Video,58186,142745,1497,16,8,16,13,2.64
POST00968,LinkedIn,2024-09-11,21:11,Carousel,33293,68088,1971,95,9,29,18,6.32
POST00969,Twitter/X,2024-06-30,19:17,Reel,11060,15237,728,7,13,8,5,6.84
POST00970,Twitter/X,2024-05-23,04:02,Carousel,13442,21155,537,14,3,5,4,4.16
POST00971,Facebook,2024-11-10,07:41,Reel,15946,39289,465,18,2,10,4,3.1
POST00972,Instagram,2024-05-31,17:30,Video,47997,85804,3428,40,24,62,18,7.4
POST00973,Instagram,2024-02-01,21:08,Reel,75385,138397,5098,185,33,100,37,7.18
POST00974,Facebook,2024-08-02,22:15,Video,16471,31692,1107,35,10,14,9,7.08
POST00975,Facebook,2024-11-18,17:50,Carousel,29519,66773,816,36,11,13,6,2.97
POST00976,LinkedIn,2024-01-10,22:22,Carousel,10276,13609,769,10,11,14,3,7.82
POST00977,LinkedIn,2024-09-02,15:22,Image,8718,13727,308,11,3,9,2,3.8
POST00978,LinkedIn,2024-10-16,12:17,Image,5956,14263,440,12,4,7,1,7.77
POST00979,Instagram,2024-04-02,22:14,Video,83067,207593,2997,69,44,47,8,3.8
POST00980,Instagram,2024-01-16,08:03,Video,31255,46506,1494,43,27,37,8,5.12
POST00981,LinkedIn,2024-08-29,18:14,Carousel,16063,34661,900,32,4,25,1,5.98
POST00982,Facebook,2024-03-22,19:17,Video,34673,73797,2485,40,29,45,17,7.5
POST00983,Instagram,2024-09-30,23:03,Reel,20776,34914,826,22,11,23,3,4.25
POST00984,Twitter/X,2024-04-22,12:22,Carousel,13672,31416,751,37,10,20,6,5.98
POST00985,Instagram,2024-03-29,22:20,Video,35690,64506,1227,56,16,36,10,3.74
POST00986,Facebook,2024-12-23,22:01,Story,38297,76152,2154,92,24,33,7,6.01
POST00987,Facebook,2024-12-26,18:36,Video,53534,70583,3378,62,26,61,10,6.59
POST00988,Facebook,2024-03-13,06:53,Video,38327,56133,1124,50,12,20,1,3.15
POST00989,Facebook,2024-09-09,05:31,Reel,23713,28858,718,25,3,8,2,3.18
POST00990,Facebook,2024-01-20,19:38,Video,45648,58342,1804,28,28,37,4,4.16
POST00991,Instagram,2024-04-22,21:00,Carousel,14002,32851,611,22,6,14,2,4.66
POST00992,Facebook,2024-06-18,06:51,Video,32740,67305,1173,12,14,25,11,3.74
POST00993,Facebook,2024-03-07,19:58,Video,58986,106018,2417,84,40,55,18,4.4
POST00994,Twitter/X,2024-06-14,19:37,Carousel,10120,13035,641,27,5,14,3,6.79
POST00995,Twitter/X,2024-12-26,03:54,Carousel,14856,18437,527,24,9,12,3,3.85
POST00996,LinkedIn,2024-09-26,02:23,Carousel,17883,35952,1071,19,15,19,2,6.29
POST00997,LinkedIn,2024-12-26,12:37,Video,4954,8429,390,10,2,4,2,8.2
POST00998,Facebook,2024-02-21,20:08,Video,42261,63527,2706,30,38,68,14,6.72
POST00999,Twitter/X,2024-03-21,13:50,Reel,19890,28960,1325,57,13,18,5,7.1
POST01000,LinkedIn,2024-11-23,20:20,Video,29566,36232,1782,55,32,23,14,6.4
POST01001,LinkedIn,2024-03-30,17:44,Image,21336,30322,752,15,10,13,7,3.7
POST01002,Instagram,2024-11-10,07:42,Story,11020,17214,730,17,12,11,1,6.99
POST01003,Facebook,2024-10-28,12:19,Video,6047,8176,188,2,1,5,1,3.24
POST01004,Facebook,2024-12-18,19:46,Video,16675,28757,470,14,3,9,3,2.97
POST01005,Instagram,2024-01-01,18:25,Reel,67193,140611,4735,125,78,51,9,7.42
POST01006,Instagram,2024-10-17,22:20,Reel,65496,108077,3882,148,53,66,24,6.33
POST01007,Instagram,2024-11-09,22:06,Image,43855,69814,3424,130,24,62,15,8.3
POST01008,Facebook,2024-09-11,18:15,Carousel,17533,28858,782,30,9,22,1,4.81
POST01009,Facebook,2024-06-26,05:40,Reel,7423,16466,305,6,4,3,0,4.28
POST01010,Instagram,2024-02-15,21:40,Video,83022,170556,3847,45,72,74,4,4.86
POST01011,LinkedIn,2024-06-20,08:13,Video,10645,26537,481,16,3,9,1,4.78
POST01012,LinkedIn,2024-05-07,11:16,Carousel,2557,5473,178,3,2,4,1,7.31
POST01013,LinkedIn,2024-02-25,01:24,Image,3137,3782,236,3,1,3,1,7.75
POST01014,Instagram,2024-08-12,05:56,Reel,53328,66362,2089,88,32,51,15,4.24
POST01015,Instagram,2024-07-30,12:22,Image,31819,54541,969,42,9,21,5,3.27
POST01016,Instagram,2024-10-06,21:50,Story,26265,63728,1100,51,18,27,7,4.55
POST01017,Facebook,2024-10-22,21:14,Reel,24662,34331,1126,20,6,29,1,4.79
POST01018,LinkedIn,2024-03-24,01:18,Image,3596,8191,167,5,2,1,1,4.87
POST01019,LinkedIn,2024-01-11,18:04,Image,14246,17204,791,34,8,9,3,5.91
POST01020,LinkedIn,2024-06-24,21:10,Image,11811,23530,692,9,12,12,2,6.14
POST01021,Facebook,2024-02-08,02:21,Video,36475,58677,2502,51,20,66,24,7.24
POST01022,Facebook,2024-10-31,15:45,Image,30453,69168,618,20,6,10,4,2.15
POST01023,Twitter/X,2024-01-16,20:10,Video,7100,15765,223,7,3,6,1,3.37
POST01024,LinkedIn,2024-11-06,05:03,Video,28772,50444,1524,56,21,27,5,5.66
POST01025,Instagram,2024-02-21,19:26,Reel,57717,120835,2444,50,40,62,12,4.5
POST01026,Facebook,2024-12-22,23:34,Video,27296,62410,1673,51,19,38,11,6.52
POST01027,Facebook,2024-05-15,09:15,Reel,8049,15046,240,11,1,6,2,3.21
POST01028,Facebook,2024-02-19,22:35,Carousel,36744,74187,1485,32,20,29,9,4.26
POST01029,Instagram,2024-09-08,20:00,Reel,56851,116958,4256,57,70,95,27,7.88
POST01030,Instagram,2024-08-06,22:30,Reel,95545,128671,4969,69,89,100,41,5.47
POST01031,Facebook,2024-04-12,19:10,Image,5525,11731,231,10,2,5,0,4.49
POST01032,LinkedIn,2024-11-22,18:30,Carousel,9263,22972,262,7,2,4,1,2.97
POST01033,Facebook,2024-02-29,21:30,Video,7368,13791,509,16,2,8,3,7.26
POST01034,Twitter/X,2024-09-07,08:05,Carousel,1869,3970,70,2,1,1,0,3.96
POST01035,LinkedIn,2024-11-24,05:23,Image,22293,34095,1121,12,7,31,8,5.25
POST01036,Facebook,2024-07-14,21:02,Video,34927,79874,2204,68,12,63,16,6.72
POST01037,LinkedIn,2024-05-14,08:14,Carousel,9394,20492,373,5,4,11,1,4.18
POST01038,Facebook,2024-05-17,04:48,Video,44903,88990,3252,48,38,91,27,7.64
POST01039,Facebook,2024-12-22,02:42,Carousel,19965,44514,787,30,5,12,1,4.18
POST01040,LinkedIn,2024-06-25,13:48,Image,19004,29366,1183,49,10,12,7,6.6
POST01041,Facebook,2024-10-28,18:53,Video,33287,80524,2387,108,28,55,21,7.74
POST01042,Facebook,2024-07-17,13:34,Story,6789,13451,424,20,3,10,2,6.73
POST01043,Instagram,2024-12-17,15:36,Carousel,33768,75460,1637,68,17,47,9,5.24
POST01044,Facebook,2024-04-30,02:25,Image,16463,33301,743,22,4,19,5,4.79
POST01045,Instagram,2024-12-31,22:57,Reel,25054,46222,755,11,14,16,5,3.18
POST01046,Facebook,2024-09-21,21:39,Story,33628,81154,1345,25,16,20,7,4.18
POST01047,Instagram,2024-03-16,21:11,Image,35142,62200,766,31,10,16,4,2.34
POST01048,Facebook,2024-03-26,06:08,Story,12165,15353,383,6,2,8,1,3.28
POST01049,Twitter/X,2024-01-22,21:27,Image,7011,17107,482,22,2,13,3,7.4
POST01050,LinkedIn,2024-04-13,20:09,Image,8012,15215,233,7,2,6,0,3.1
POST01051,Twitter/X,2024-10-31,18:05,Video,36275,51167,2250,105,23,33,13,6.65
POST01052,LinkedIn,2024-07-17,17:20,Image,19866,32346,1037,48,18,13,1,5.62
POST01053,Facebook,2024-05-21,00:50,Video,31593,71702,1487,44,19,28,4,4.99
POST01054,Instagram,2024-12-24,16:50,Image,9179,22087,433,17,4,4,0,4.99
POST01055,Facebook,2024-08-02,19:09,Carousel,23888,29125,1683,51,11,24,8,7.41
POST01056,Instagram,2024-10-17,03:59,Video,48449,77516,1092,38,9,17,8,2.39
POST01057,Instagram,2024-02-24,03:50,Video,37889,94206,1354,27,22,25,5,3.77
POST01058,Instagram,2024-05-26,11:56,Carousel,30298,48033,1115,17,10,18,6,3.83
POST01059,LinkedIn,2024-07-29,21:36,Image,21218,47818,1667,59,15,49,15,8.44
POST01060,Facebook,2024-11-07,05:17,Carousel,33328,80495,2348,83,33,45,15,7.53
POST01061,LinkedIn,2024-07-25,22:43,Story,12846,24405,692,33,12,19,5,5.89
POST01062,Twitter/X,2024-12-21,12:56,Image,8715,19421,309,7,1,4,2,3.68
POST01063,Facebook,2024-06-18,01:47,Carousel,33314,51613,1361,52,18,38,8,4.41
POST01064,Facebook,2024-08-31,11:01,Carousel,24946,41475,872,30,10,25,4,3.76
POST01065,Instagram,2024-06-21,09:19,Story,20475,30107,824,34,12,20,4,4.35
POST01066,LinkedIn,2024-05-23,22:43,Image,32731,70002,996,33,15,16,7,3.24
POST01067,Twitter/X,2024-02-20,07:08,Video,6906,10542,388,17,3,6,1,5.99
POST01068,Facebook,2024-06-02,14:49,Image,31214,45639,770,31,13,10,6,2.64
POST01069,LinkedIn,2024-06-13,21:38,Video,36636,69999,2291,27,13,59,18,6.52
POST01070,Instagram,2024-11-26,21:13,Reel,44828,99294,1412,16,25,16,4,3.28
POST01071,LinkedIn,2024-07-27,16:55,Video,12190,15526,265,4,5,6,1,2.3
POST01072,Instagram,2024-07-10,16:50,Carousel,26996,48613,1429,68,28,21,10,5.73
POST01073,Facebook,2024-03-22,22:25,Image,38463,73137,1067,33,11,14,9,2.92
POST01074,Instagram,2024-03-10,16:56,Video,43004,74367,1459,45,11,29,3,3.59
POST01075,LinkedIn,2024-10-18,19:56,Carousel,30006,47917,2214,78,36,28,18,7.85
POST01076,Instagram,2024-04-12,07:02,Video,25762,50439,1136,54,18,17,9,4.76
POST01077,Facebook,2024-08-21,20:45,Carousel,13776,21736,521,11,8,7,0,3.97
POST01078,LinkedIn,2024-04-11,21:32,Image,32454,48965,1388,40,7,40,10,4.54
POST01079,Instagram,2024-07-22,03:43,Video,64785,152492,2395,65,24,27,16,3.88
POST01080,LinkedIn,2024-01-16,21:38,Image,17539,28838,1070,11,17,21,8,6.38
POST01081,Twitter/X,2024-08-16,21:37,Carousel,10005,15678,701,15,11,8,1,7.35
POST01082,Instagram,2024-10-09,19:53,Reel,43570,107727,3172,67,20,38,11,7.57
POST01083,Facebook,2024-05-12,22:05,Carousel,28797,38538,718,7,8,14,4,2.59
POST01084,Instagram,2024-05-25,18:10,Reel,56288,80656,3311,94,41,61,31,6.23
POST01085,Instagram,2024-10-19,06:54,Reel,69829,170082,5504,175,105,74,6,8.39
POST01086,Instagram,2024-04-23,21:13,Reel,65935,161284,1880,41,32,27,5,3.0
POST01087,Facebook,2024-05-17,16:01,Image,7876,15700,601,22,3,11,5,8.09
POST01088,Instagram,2024-12-15,19:41,Story,21145,45424,1645,26,13,23,1,8.07
POST01089,Facebook,2024-03-29,00:14,Carousel,11968,14887,665,11,6,11,3,5.79
POST01090,Instagram,2024-05-09,09:45,Image,49406,61434,2382,114,16,68,18,5.22
POST01091,Facebook,2024-12-29,13:57,Reel,46110,93847,1683,50,28,46,14,3.92
POST01092,Facebook,2024-07-11,14:16,Image,25106,41233,1437,65,17,38,6,6.2
POST01093,Instagram,2024-04-21,21:33,Image,29889,62575,1229,47,9,18,2,4.36
POST01094,Twitter/X,2024-11-15,18:00,Video,7064,9803,198,9,3,2,0,3.0
POST01095,Facebook,2024-09-18,11:35,Carousel,23553,41918,788,30,12,10,7,3.57
POST01096,Instagram,2024-11-27,09:19,Image,17906,30763,378,15,2,4,2,2.23
POST01097,LinkedIn,2024-12-16,18:21,Carousel,13622,20664,397,17,4,7,2,3.12
POST01098,Twitter/X,2024-05-21,08:16,Carousel,6476,13562,494,19,3,9,0,8.11
POST01099,Facebook,2024-12-01,20:19,Carousel,26285,42828,1464,65,8,25,3,5.94
POST01100,LinkedIn,2024-04-06,19:57,Image,34084,81373,1245,52,23,27,10,3.95
POST01101,LinkedIn,2024-01-30,19:25,Image,11814,19116,329,8,4,8,1,2.95
POST01102,Facebook,2024-12-04,19:46,Image,48314,90090,3732,108,57,106,16,8.29
POST01103,Twitter/X,2024-01-14,09:16,Carousel,14384,22029,514,5,4,12,0,3.72
POST01104,Instagram,2024-08-02,23:02,Reel,55815,100015,3454,88,25,62,21,6.5
POST01105,Twitter/X,2024-10-25,18:52,Image,8666,15767,342,13,2,9,0,4.22
POST01106,Twitter/X,2024-04-07,19:43,Video,30179,47907,1297,56,25,24,5,4.65
POST01107,LinkedIn,2024-09-30,15:58,Video,7927,18789,407,5,4,5,1,5.31
POST01108,Facebook,2024-12-09,20:54,Carousel,48636,90113,3791,180,68,75,8,8.46
POST01109,Instagram,2024-03-28,17:11,Reel,20746,31001,1013,30,8,15,2,5.14
POST01110,LinkedIn,2024-05-30,19:47,Carousel,17533,32860,1170,23,8,19,7,6.96
POST01111,Facebook,2024-05-12,17:48,Image,18203,25118,1181,33,19,29,7,6.93
POST01112,LinkedIn,2024-04-03,10:41,Image,12494,21414,825,22,9,16,7,6.98
POST01113,LinkedIn,2024-02-15,19:47,Image,9000,14389,199,9,2,2,1,2.36
POST01114,LinkedIn,2024-06-06,10:23,Image,21659,32959,536,6,7,15,0,2.6
POST01115,LinkedIn,2024-05-13,14:54,Carousel,20830,48949,684,24,11,20,1,3.55
POST01116,LinkedIn,2024-03-01,20:37,Image,26616,46519,1800,51,23,53,8,7.24
POST01117,Facebook,2024-10-24,02:30,Video,36358,76509,2773,87,45,32,8,8.08
POST01118,Facebook,2024-04-09,21:24,Image,13708,30046,754,8,9,18,6,5.76
POST01119,Twitter/X,2024-09-28,18:55,Image,17617,39115,563,8,8,11,4,3.35
POST01120,LinkedIn,2024-03-18,19:21,Reel,9984,12185,355,12,1,4,1,3.73
POST01121,Twitter/X,2024-07-28,14:09,Carousel,4736,8517,198,4,2,4,1,4.39
POST01122,Instagram,2024-06-10,05:49,Reel,74199,134924,3872,158,57,70,35,5.6
POST01123,Instagram,2024-02-11,20:11,Story,14617,18490,428,17,4,5,4,3.11
POST01124,LinkedIn,2024-06-09,00:28,Video,3250,6775,219,9,1,4,0,7.17
POST01125,Instagram,2024-05-20,19:36,Story,36163,46015,1968,87,24,22,11,5.81
POST01126,Instagram,2024-03-22,02:08,Video,34252,57421,1835,67,36,45,12,5.79
POST01127,Instagram,2024-11-10,13:25,Image,42260,60303,1570,48,14,22,10,3.91
POST01128,Instagram,2024-08-07,12:00,Image,35649,78860,2283,75,39,48,22,6.86
POST01129,Instagram,2024-01-20,23:23,Reel,72222,170347,4927,85,46,119,8,7.17
POST01130,LinkedIn,2024-01-08,16:12,Carousel,2079,4640,162,5,1,4,1,8.27
POST01131,Facebook,2024-01-10,20:46,Video,39449,95029,1602,77,29,36,9,4.42
POST01132,Facebook,2024-05-07,20:19,Image,32075,63775,1510,71,10,21,1,5.03
POST01133,Facebook,2024-03-07,22:37,Image,18474,22660,947,33,8,20,6,5.46
POST01134,LinkedIn,2024-06-05,18:19,Carousel,33129,44192,1114,11,10,13,5,3.47
POST01135,LinkedIn,2024-05-28,16:38,Carousel,14844,30878,474,6,8,5,0,3.32
POST01136,Facebook,2024-09-25,19:21,Image,27183,50692,1261,38,19,22,4,4.93
POST01137,Instagram,2024-09-07,19:10,Video,12580,26923,856,35,16,22,6,7.38
POST01138,Twitter/X,2024-07-25,19:46,Image,24196,52236,1354,23,12,22,8,5.83
POST01139,LinkedIn,2024-03-08,18:37,Carousel,7963,14144,248,7,4,7,1,3.34
POST01140,Facebook,2024-09-15,20:45,Reel,50036,88592,3862,132,32,75,27,8.2
POST01141,Instagram,2024-11-29,12:56,Image,7466,12114,360,15,2,9,3,5.17
POST01142,Twitter/X,2024-11-23,22:39,Video,3404,7124,219,3,4,5,2,6.79
POST01143,Instagram,2024-01-25,01:42,Story,13076,28660,857,38,13,24,3,7.13
POST01144,Facebook,2024-02-25,00:03,Image,3244,4317,115,1,0,3,0,3.67
POST01145,LinkedIn,2024-12-19,21:24,Image,14106,33299,835,30,4,24,7,6.33
POST01146,Twitter/X,2024-03-04,15:44,Reel,20823,49178,780,25,5,22,1,4.0
POST01147,Instagram,2024-03-19,18:19,Reel,92901,168157,2507,61,13,57,22,2.84
POST01148,Twitter/X,2024-08-03,21:33,Reel,31781,55070,1636,47,19,41,9,5.48
POST01149,Instagram,2024-05-18,22:08,Video,46704,91453,1578,25,23,37,12,3.56
POST01150,Facebook,2024-08-02,03:32,Carousel,13386,33297,422,5,4,5,2,3.26
POST01151,Facebook,2024-11-12,18:50,Reel,83542,206519,4620,149,68,92,5,5.9
POST01152,Facebook,2024-02-24,19:12,Carousel,10316,13225,273,9,2,4,1,2.79
POST01153,Twitter/X,2024-05-14,06:22,Story,5048,9923,319,6,2,9,2,6.66
POST01154,Twitter/X,2024-12-26,05:02,Image,4413,7252,231,8,3,4,1,5.57
POST01155,Instagram,2024-10-07,06:44,Image,23040,30470,698,9,9,8,5,3.14
POST01156,Instagram,2024-09-03,18:00,Video,88872,108404,6369,100,111,65,43,7.48
POST01157,Facebook,2024-12-09,18:53,Image,17358,34909,826,9,4,10,5,4.89
POST01158,Facebook,2024-10-20,04:05,Reel,28195,67373,2031,50,12,56,18,7.62
POST01159,Twitter/X,2024-09-18,18:57,Carousel,16147,24419,594,7,10,10,1,3.85
POST01160,Instagram,2024-05-11,14:18,Story,33280,59636,2283,98,25,46,2,7.37
POST01161,LinkedIn,2024-05-15,03:52,Video,30306,55993,1438,44,10,29,4,5.02
POST01162,Instagram,2024-03-30,09:23,Image,17977,37689,865,23,10,15,5,5.08
POST01163,Instagram,2024-12-12,18:06,Carousel,15654,28853,1110,49,8,14,7,7.54
POST01164,Instagram,2024-01-24,19:42,Image,14894,19533,709,28,14,16,2,5.15
POST01165,LinkedIn,2024-11-27,20:57,Video,35996,83022,1643,79,26,37,12,4.96
POST01166,Facebook,2024-08-12,08:56,Video,40389,84219,2982,136,58,71,16,8.04
POST01167,Instagram,2024-02-17,20:11,Reel,61080,95763,2094,94,37,47,11,3.72
POST01168,LinkedIn,2024-02-28,14:17,Reel,8856,13640,449,10,8,8,3,5.36
POST01169,Facebook,2024-07-16,15:51,Carousel,6729,11740,141,3,1,2,0,2.18
POST01170,LinkedIn,2024-08-03,05:07,Video,10930,15390,734,36,3,17,2,7.23
POST01171,Instagram,2024-03-08,01:54,Reel,50212,103745,1714,78,13,24,5,3.64
POST01172,Instagram,2024-03-22,22:30,Reel,29945,72617,2077,24,25,37,7,7.22
POST01173,Facebook,2024-10-18,05:39,Video,40894,90491,2582,77,14,55,3,6.67
POST01174,Facebook,2024-07-13,19:01,Carousel,5968,10338,253,11,4,3,0,4.54
POST01175,Facebook,2024-12-16,23:57,Image,32389,44917,1662,17,16,39,8,5.35
POST01176,Twitter/X,2024-03-07,15:07,Carousel,5123,7175,179,7,3,2,0,3.73
POST01177,Instagram,2024-07-29,02:16,Reel,52488,124944,1792,83,17,52,6,3.7
POST01178,Twitter/X,2024-12-01,22:49,Image,26542,50210,1291,24,20,17,7,5.09
POST01179,Instagram,2024-10-22,07:42,Story,23596,52442,1850,22,31,29,11,8.19
POST01180,Instagram,2024-06-22,22:44,Reel,74744,93379,2153,100,43,55,7,3.15
POST01181,Facebook,2024-11-12,19:30,Carousel,50489,69911,3144,145,36,62,29,6.71
POST01182,Facebook,2024-06-26,20:24,Video,50309,73532,1865,75,22,30,12,3.96
POST01183,LinkedIn,2024-03-17,17:57,Carousel,8565,17334,623,28,12,17,0,7.94
POST01184,Facebook,2024-11-09,19:32,Carousel,11778,26506,323,15,4,4,0,2.94
POST01185,Facebook,2024-08-28,05:04,Reel,14005,26147,964,39,16,23,3,7.44
POST01186,Twitter/X,2024-09-08,20:17,Carousel,27718,37962,2176,97,40,60,12,8.56
POST01187,Facebook,2024-01-26,17:41,Video,28622,46738,1259,33,18,19,12,4.64
POST01188,Facebook,2024-07-12,07:05,Video,34829,85848,1016,21,14,22,2,3.08
POST01189,LinkedIn,2024-08-23,18:28,Carousel,27440,43225,2093,90,32,24,9,8.16
POST01190,Facebook,2024-02-15,14:20,Image,22362,44306,886,36,15,14,7,4.25
POST01191,Instagram,2024-03-01,23:41,Carousel,47723,112448,3816,140,75,88,29,8.63
POST01192,Facebook,2024-01-10,21:02,Video,14375,23686,885,35,15,26,3,6.69
POST01193,LinkedIn,2024-10-12,02:50,Image,17991,43692,411,4,5,6,3,2.37
POST01194,Instagram,2024-11-05,20:19,Video,86408,131973,3648,39,46,73,20,4.4
POST01195,Twitter/X,2024-09-17,20:42,Carousel,2191,4611,167,2,1,1,0,7.8
POST01196,Facebook,2024-08-21,11:52,Carousel,11701,24900,539,11,3,10,2,4.81
POST01197,Instagram,2024-01-28,14:21,Reel,71997,109307,1653,72,8,47,10,2.47
POST01198,Instagram,2024-10-13,19:30,Video,32372,72374,1813,69,17,36,14,5.98
POST01199,Facebook,2024-12-02,21:07,Reel,71047,105134,1701,53,10,43,12,2.54
POST01200,Twitter/X,2024-02-19,07:00,Video,25499,38990,1746,29,27,44,6,7.24
POST01201,Instagram,2024-06-23,20:35,Reel,46394,100291,2892,90,43,79,14,6.69
POST01202,Facebook,2024-09-24,18:02,Carousel,26961,47966,1694,75,9,36,14,6.73
POST01203,Facebook,2024-03-25,22:47,Video,57127,100326,2275,30,30,44,4,4.16
POST01204,Facebook,2024-07-28,22:12,Carousel,36393,58390,1428,51,20,28,4,4.2
POST01205,Facebook,2024-04-06,21:13,Video,46104,62954,2718,35,29,65,3,6.18
POST01206,Facebook,2024-08-22,06:45,Video,50732,122935,2600,129,33,54,11,5.55
POST01207,Instagram,2024-06-22,21:02,Video,58416,134301,2208,53,41,61,21,4.05
POST01208,Twitter/X,2024-11-20,18:07,Image,10117,14556,432,19,2,10,2,4.58
POST01209,Instagram,2024-08-18,18:32,Video,47948,107570,1360,55,19,24,4,3.04
POST01210,Twitter/X,2024-03-09,00:33,Reel,19492,28049,1185,14,15,16,11,6.31
POST01211,Instagram,2024-01-25,13:53,Video,11285,19664,877,9,8,20,7,8.1
POST01212,Instagram,2024-10-26,16:49,Story,22051,37628,1117,52,20,14,2,5.46
POST01213,Facebook,2024-03-31,05:46,Image,24711,30417,1082,23,17,12,5,4.59
POST01214,Facebook,2024-03-06,22:38,Reel,63180,93875,2659,65,51,50,20,4.47
POST01215,LinkedIn,2024-06-13,12:26,Image,5392,9411,264,5,3,4,1,5.12
POST01216,Facebook,2024-11-07,07:17,Video,26522,64122,1846,80,24,32,17,7.47
POST01217,Facebook,2024-07-22,09:28,Video,50524,108617,3534,136,56,71,26,7.52
POST01218,Facebook,2024-03-09,22:44,Carousel,40321,61242,2510,35,46,35,7,6.51
POST01219,Instagram,2024-09-19,22:55,Image,10950,19362,682,22,13,14,0,6.68
POST01220,Facebook,2024-06-09,17:40,Image,39719,63042,1880,24,31,27,14,4.94
POST01221,Instagram,2024-04-21,22:45,Story,37153,83759,2701,34,14,67,5,7.58
POST01222,Instagram,2024-05-28,21:08,Image,26177,37052,2065,28,28,46,12,8.28
POST01223,LinkedIn,2024-12-29,05:32,Image,14718,23722,956,14,17,14,3,6.8
POST01224,Twitter/X,2024-10-04,10:45,Video,18540,28088,1125,21,14,31,8,6.42
POST01225,Facebook,2024-02-29,17:30,Video,12603,23716,993,31,5,21,2,8.33
POST01226,LinkedIn,2024-10-25,21:45,Carousel,21289,39008,712,12,5,18,2,3.51
POST01227,Facebook,2024-08-01,17:18,Video,36288,44416,2537,43,32,38,19,7.3
POST01228,Instagram,2024-08-04,16:06,Reel,38914,54491,2287,39,37,38,16,6.17
POST01229,Instagram,2024-01-13,18:42,Reel,30069,64999,1056,21,15,13,10,3.67
POST01230,Instagram,2024-01-29,19:18,Story,35686,75219,1642,29,13,16,6,4.76
POST01231,LinkedIn,2024-12-15,18:44,Carousel,5730,14019,287,13,4,7,0,5.43
POST01232,Instagram,2024-05-31,22:02,Image,19930,46269,1007,27,10,24,7,5.36
POST01233,Instagram,2024-07-02,03:39,Reel,40027,66177,2634,36,27,70,4,6.91
POST01234,Twitter/X,2024-12-11,07:47,Story,6728,11330,447,15,6,11,0,7.12
POST01235,LinkedIn,2024-11-27,07:32,Carousel,12954,26246,380,14,6,8,0,3.15
POST01236,Facebook,2024-12-22,18:59,Image,7974,16798,401,4,7,10,2,5.29
POST01237,Instagram,2024-07-14,20:35,Image,33524,82139,1774,74,10,37,8,5.65
POST01238,LinkedIn,2024-01-28,20:12,Image,20505,37171,1478,32,10,40,9,7.61
POST01239,Twitter/X,2024-11-13,14:53,Carousel,6901,14668,342,15,2,6,1,5.29
POST01240,Instagram,2024-04-25,22:45,Carousel,31420,70955,1771,84,17,21,9,6.02
POST01241,Instagram,2024-11-27,22:34,Story,24507,35941,1439,63,17,35,14,6.34
POST01242,Twitter/X,2024-11-04,19:18,Reel,7618,12153,357,11,2,10,1,4.99
POST01243,Instagram,2024-08-17,18:11,Reel,81771,152727,5043,61,46,133,8,6.46
POST01244,Twitter/X,2024-03-29,03:24,Image,9437,17231,489,10,6,6,4,5.41
POST01245,LinkedIn,2024-01-21,17:16,Carousel,8953,19936,531,18,5,10,2,6.3
POST01246,LinkedIn,2024-03-07,20:00,Image,30771,62979,989,45,17,11,1,3.45
POST01247,Facebook,2024-06-18,04:02,Reel,43111,77800,3373,125,17,66,15,8.31
POST01248,Instagram,2024-03-19,19:03,Story,21763,42442,1575,70,16,22,12,7.73
POST01249,Facebook,2024-11-16,21:19,Image,42666,84003,3050,89,15,45,11,7.5
POST01250,Twitter/X,2024-09-08,17:22,Carousel,6626,15954,220,10,1,5,0,3.56
POST01251,Instagram,2024-02-07,10:33,Carousel,13027,31309,387,10,6,8,1,3.15
POST01252,LinkedIn,2024-04-22,16:04,Carousel,15898,37501,476,7,6,11,1,3.15
POST01253,Facebook,2024-09-15,22:34,Story,26818,37716,2021,20,37,55,7,7.95
POST01254,LinkedIn,2024-07-25,19:56,Image,28078,54175,1067,27,16,30,2,4.06
POST01255,Facebook,2024-04-19,10:23,Image,7722,15436,547,15,9,9,5,7.51
POST01256,LinkedIn,2024-05-30,22:33,Image,8526,16139,241,8,2,2,2,2.97
POST01257,Facebook,2024-08-31,20:00,Carousel,4740,11810,120,2,2,2,0,2.66
POST01258,Twitter/X,2024-02-28,14:15,Video,12651,30497,555,26,8,6,5,4.7
POST01259,Facebook,2024-11-24,19:15,Video,42389,59098,2041,88,10,31,2,5.12
POST01260,Facebook,2024-01-21,10:24,Carousel,23373,30908,842,29,10,9,8,3.81
POST01261,Twitter/X,2024-02-28,22:46,Image,8831,18775,371,14,2,6,1,4.45
POST01262,Instagram,2024-05-24,22:52,Image,32037,60907,2305,35,32,43,11,7.54
POST01263,Instagram,2024-07-10,16:28,Reel,35673,54475,1295,50,7,29,3,3.87
POST01264,Instagram,2024-09-06,19:20,Video,15507,29340,559,25,5,6,2,3.84
POST01265,Facebook,2024-09-20,18:10,Video,70236,152151,2318,28,17,43,12,3.43
POST01266,Facebook,2024-10-02,20:04,Video,43409,103157,2326,65,34,67,18,5.74
POST01267,Instagram,2024-04-17,06:55,Video,59001,111961,4571,153,23,51,45,8.13
POST01268,Instagram,2024-12-16,03:13,Image,16294,35103,427,17,5,6,2,2.79
POST01269,Facebook,2024-10-02,23:49,Image,11163,27226,506,8,8,9,4,4.76
POST01270,Twitter/X,2024-08-10,02:47,Image,15484,22703,654,23,3,15,5,4.49
POST01271,Facebook,2024-12-17,21:45,Video,41490,96504,2677,128,51,47,13,7.0
POST01272,Instagram,2024-06-18,18:03,Reel,96177,238688,6349,302,52,161,7,7.14
POST01273,LinkedIn,2024-04-01,17:04,Video,25452,31013,1703,72,12,42,8,7.19
POST01274,Instagram,2024-10-21,08:26,Reel,20466,49649,629,22,9,9,2,3.27
POST01275,LinkedIn,2024-07-17,12:27,Carousel,10359,17144,567,10,3,12,2,5.71
POST01276,Facebook,2024-06-10,18:34,Image,8513,16431,473,11,4,7,1,5.81
POST01277,Instagram,2024-01-04,19:04,Video,26665,51724,1145,26,9,23,10,4.51
POST01278,LinkedIn,2024-10-26,18:22,Carousel,29227,40903,947,33,6,14,8,3.42
POST01279,Instagram,2024-09-14,20:38,Reel,89355,166751,5116,218,84,152,5,6.23
POST01280,Facebook,2024-02-14,21:24,Image,34792,42872,1496,23,23,34,2,4.53
POST01281,LinkedIn,2024-07-21,00:30,Image,10367,21442,474,13,2,8,3,4.79
POST01282,Twitter/X,2024-03-21,04:47,Video,11612,18413,818,8,11,14,3,7.33
POST01283,LinkedIn,2024-07-19,17:18,Carousel,20732,29911,1049,32,19,20,3,5.4
POST01284,Instagram,2024-11-20,20:00,Carousel,40727,67051,2447,46,23,71,10,6.35
POST01285,Instagram,2024-10-10,04:07,Reel,25905,64192,1419,14,26,30,6,5.75
POST01286,LinkedIn,2024-01-22,22:25,Image,15742,24478,600,20,6,14,5,4.07
POST01287,LinkedIn,2024-10-02,02:19,Image,17797,41751,924,37,15,21,2,5.6
POST01288,Twitter/X,2024-04-17,23:22,Video,19897,43678,480,7,7,13,3,2.55
POST01289,Instagram,2024-04-18,20:54,Image,48329,60972,2743,52,50,53,8,6.0
POST01290,Twitter/X,2024-09-19,19:14,Image,26843,48196,749,27,6,13,2,2.96
POST01291,Facebook,2024-11-11,06:07,Image,24695,38698,931,44,18,18,7,4.09
POST01292,LinkedIn,2024-04-02,18:54,Image,27318,37844,1920,75,28,24,12,7.49
POST01293,LinkedIn,2024-01-28,17:29,Carousel,10222,15348,233,11,2,4,0,2.45
POST01294,LinkedIn,2024-11-26,09:42,Image,21328,29483,1561,61,11,33,5,7.81
POST01295,Instagram,2024-02-04,19:46,Carousel,31586,75551,2244,68,35,58,12,7.61
POST01296,Instagram,2024-10-24,10:22,Reel,70488,100833,5058,130,25,78,32,7.51
POST01297,LinkedIn,2024-03-06,07:06,Image,19310,47470,757,8,7,7,2,4.03
POST01298,LinkedIn,2024-05-25,06:20,Carousel,6133,10705,483,11,9,13,1,8.41
POST01299,LinkedIn,2024-09-05,19:42,Video,23126,41283,1495,42,12,20,7,6.78
POST01300,LinkedIn,2024-06-05,04:36,Reel,3891,8334,159,3,2,2,1,4.27
POST01301,Facebook,2024-10-17,20:27,Reel,56718,116174,3217,133,28,81,23,6.1
POST01302,Instagram,2024-03-27,19:50,Reel,28320,50645,2063,55,36,44,5,7.76
POST01303,Facebook,2024-04-23,20:27,Video,48242,76513,3255,45,56,76,5,7.11
POST01304,LinkedIn,2024-05-21,04:43,Video,7606,14370,473,9,9,9,4,6.57
POST01305,Facebook,2024-06-18,14:28,Image,27003,56422,1139,31,11,29,2,4.48
POST01306,Twitter/X,2024-07-02,15:35,Video,1713,4127,125,5,1,2,0,7.76
POST01307,Facebook,2024-02-25,22:05,Video,48598,102880,2189,88,23,58,7,4.85
POST01308,Instagram,2024-05-23,04:57,Reel,43192,107191,1124,30,10,31,9,2.77
POST01309,Instagram,2024-10-02,18:46,Image,20025,34246,736,34,11,11,5,3.96
POST01310,LinkedIn,2024-02-08,16:40,Video,10736,15890,857,23,13,11,5,8.42
POST01311,LinkedIn,2024-01-16,18:25,Image,12111,16346,545,11,3,11,4,4.71
POST01312,LinkedIn,2024-10-29,18:35,Image,15943,38680,1010,37,19,26,2,6.85
POST01313,Instagram,2024-05-13,17:30,Story,21448,36851,777,38,7,21,5,3.93
POST01314,Instagram,2024-11-30,11:25,Reel,42874,57538,3298,97,41,73,3,8.18
POST01315,Twitter/X,2024-04-24,18:46,Video,7064,11926,201,7,3,4,0,3.04
POST01316,Instagram,2024-05-28,22:32,Image,54836,89803,1927,63,37,26,3,3.74
POST01317,Instagram,2024-02-16,22:00,Carousel,50002,85545,3554,164,44,77,26,7.68
POST01318,LinkedIn,2024-12-05,22:43,Image,21359,27659,1019,22,14,11,2,4.99
POST01319,Twitter/X,2024-03-25,04:28,Video,18842,40347,1295,48,18,27,11,7.37
POST01320,LinkedIn,2024-03-22,22:42,Image,6538,10697,263,3,1,2,0,4.11
POST01321,Instagram,2024-03-15,15:22,Reel,46557,61934,3038,63,35,35,10,6.81
POST01322,LinkedIn,2024-01-21,21:14,Image,25636,62354,1392,30,17,27,1,5.72
POST01323,Facebook,2024-02-02,19:02,Carousel,8572,14020,615,19,7,17,2,7.68
POST01324,Facebook,2024-12-08,20:24,Carousel,10918,24413,555,8,4,12,2,5.3
POST01325,LinkedIn,2024-08-28,01:02,Carousel,16497,34879,1212,42,23,15,2,7.83
POST01326,LinkedIn,2024-11-28,22:40,Carousel,3395,4985,265,2,4,4,0,8.1
POST01327,Twitter/X,2024-05-20,08:37,Image,2184,3398,52,0,0,0,0,2.38
POST01328,Facebook,2024-10-05,12:41,Video,23055,45161,850,11,6,20,1,3.85
POST01329,Twitter/X,2024-07-12,18:33,Reel,26922,61564,736,31,9,20,6,2.96
POST01330,Instagram,2024-05-08,19:33,Reel,20329,35044,426,18,4,9,0,2.25
POST01331,Instagram,2024-07-26,20:31,Carousel,22164,55373,937,20,16,28,6,4.52
POST01332,LinkedIn,2024-09-03,00:32,Carousel,4841,7731,298,14,1,3,2,6.53
POST01333,LinkedIn,2024-03-12,07:04,Story,13055,16292,433,9,6,8,1,3.49
POST01334,Instagram,2024-09-20,06:09,Video,25590,39729,1966,56,11,48,7,8.13
POST01335,LinkedIn,2024-04-05,22:45,Image,26833,42164,1928,87,10,25,3,7.64
POST01336,Instagram,2024-03-01,13:51,Story,18608,25521,925,13,9,11,6,5.15
POST01337,Twitter/X,2024-06-18,15:43,Story,2924,5785,208,3,3,3,0,7.42
POST01338,Facebook,2024-09-02,18:10,Image,22793,42718,1506,24,24,37,2,6.98
POST01339,Instagram,2024-11-27,00:15,Story,31587,45810,2043,30,13,49,5,6.76
POST01340,Instagram,2024-01-23,22:10,Reel,71254,110927,5182,224,98,99,41,7.86
POST01341,Facebook,2024-03-09,01:57,Video,6462,14592,193,1,1,2,0,3.05
POST01342,Facebook,2024-10-20,19:16,Carousel,8125,12027,357,10,6,9,3,4.7
POST01343,Facebook,2024-04-02,12:38,Carousel,9506,18392,331,9,4,5,0,3.67
POST01344,Instagram,2024-10-15,23:46,Image,18636,41708,1451,23,7,39,4,8.16
POST01345,Instagram,2024-12-04,02:13,Video,36728,76448,1387,45,21,34,9,4.05
POST01346,Twitter/X,2024-08-17,15:55,Carousel,13219,27200,445,11,7,10,3,3.58
POST01347,Facebook,2024-09-03,21:38,Video,33237,49607,1615,24,17,21,6,5.05
POST01348,Facebook,2024-03-14,05:39,Story,5884,11481,303,4,4,7,2,5.4
POST01349,Instagram,2024-12-03,05:46,Carousel,28471,54835,1964,37,19,50,12,7.27
POST01350,Instagram,2024-12-17,21:38,Reel,93210,164725,6281,268,58,105,59,7.2
POST01351,Instagram,2024-10-29,21:24,Image,30694,68802,2035,95,26,24,12,7.1
POST01352,LinkedIn,2024-03-08,19:33,Image,28100,37289,1600,43,18,32,6,6.02
POST01353,Facebook,2024-09-15,04:38,Image,11669,28030,888,21,11,25,8,8.1
POST01354,LinkedIn,2024-02-19,22:38,Video,7856,13071,530,21,9,5,4,7.19
POST01355,Twitter/X,2024-01-20,17:32,Carousel,14571,32366,926,35,14,17,4,6.81
POST01356,Facebook,2024-03-01,19:57,Image,46163,111613,3147,85,45,85,17,7.28
POST01357,Instagram,2024-11-04,00:57,Video,35295,47808,2505,121,48,47,17,7.71
POST01358,Facebook,2024-12-13,16:26,Video,21832,29715,1090,25,10,12,9,5.21
POST01359,LinkedIn,2024-07-08,22:33,Image,25391,47856,654,17,12,19,4,2.76
POST01360,Instagram,2024-08-07,21:50,Image,34188,67839,1100,51,20,32,9,3.52
POST01361,Twitter/X,2024-07-14,22:06,Image,16857,36321,1031,23,7,12,7,6.37
POST01362,Facebook,2024-08-05,21:49,Video,46240,91171,2361,93,40,56,11,5.51
POST01363,Facebook,2024-04-29,02:18,Carousel,39953,69553,1023,30,6,12,3,2.68
POST01364,Twitter/X,2024-11-02,13:16,Carousel,9294,13247,240,5,1,3,1,2.68
POST01365,Instagram,2024-04-06,18:36,Image,37895,86472,2682,99,51,54,24,7.62
POST01366,Twitter/X,2024-09-24,18:24,Carousel,18697,44266,1263,40,14,28,6,7.19
POST01367,Instagram,2024-12-01,20:26,Reel,95302,160558,6718,183,74,70,48,7.39
POST01368,LinkedIn,2024-07-04,21:41,Carousel,11208,13504,582,8,6,12,2,5.42
POST01369,Instagram,2024-10-26,22:27,Carousel,52480,69828,1539,74,8,45,1,3.17
POST01370,Twitter/X,2024-10-16,20:43,Image,17386,35651,431,8,7,8,4,2.61
POST01371,Facebook,2024-07-22,13:35,Carousel,4010,5413,303,12,2,8,1,8.1
POST01372,Instagram,2024-10-12,11:35,Video,9818,23467,390,14,5,10,1,4.27
POST01373,Facebook,2024-10-11,09:36,Carousel,15767,26642,973,19,18,10,9,6.47
POST01374,Instagram,2024-06-25,12:47,Image,42914,64789,3049,98,24,68,12,7.55
POST01375,LinkedIn,2024-03-11,21:07,Video,10865,21659,693,34,10,10,1,6.88
POST01376,Facebook,2024-04-27,22:10,Video,51464,112402,3343,101,57,62,7,6.92
POST01377,Facebook,2024-02-21,21:50,Story,7453,10780,163,6,1,3,1,2.32
POST01378,Twitter/X,2024-06-22,19:44,Image,15496,21598,1200,31,21,16,7,8.18
POST01379,Instagram,2024-12-16,05:24,Carousel,46862,89970,1911,34,32,21,3,4.26
POST01380,Facebook,2024-11-21,18:52,Image,23923,48430,1587,36,25,43,6,7.07
POST01381,Instagram,2024-03-15,19:27,Carousel,11963,24610,531,10,10,13,1,4.71
POST01382,LinkedIn,2024-02-15,19:23,Carousel,9948,17453,309,4,4,4,2,3.23
POST01383,Twitter/X,2024-02-10,23:24,Image,2607,5846,175,7,1,3,1,7.13
POST01384,Twitter/X,2024-07-24,16:18,Image,11338,16943,620,20,5,16,4,5.83
POST01385,Instagram,2024-12-30,01:49,Video,40604,92839,1371,15,23,30,2,3.54
POST01386,Facebook,2024-03-30,14:00,Video,26057,38350,1229,19,23,31,9,5.0
POST01387,LinkedIn,2024-04-13,16:18,Video,22742,31371,1373,46,12,14,2,6.35
POST01388,Facebook,2024-04-09,22:32,Image,27122,46756,2082,41,35,46,9,8.13
POST01389,Instagram,2024-09-21,19:10,Reel,27242,45520,1141,51,6,33,7,4.52
POST01390,LinkedIn,2024-12-11,19:41,Image,29397,53802,774,16,14,16,3,2.79
POST01391,Instagram,2024-01-01,02:17,Reel,10614,21555,734,9,13,10,2,7.22
POST01392,Instagram,2024-07-23,21:25,Story,33700,60140,2303,37,21,54,8,7.17
POST01393,LinkedIn,2024-10-27,18:47,Image,32530,41926,675,31,9,11,2,2.23
POST01394,Facebook,2024-12-26,18:35,Video,47395,89004,3399,100,23,34,24,7.5
POST01395,Facebook,2024-05-25,17:58,Video,48267,64213,1938,48,23,37,6,4.24
POST01396,Twitter/X,2024-10-25,20:14,Video,29709,73391,792,14,9,23,6,2.82
POST01397,Twitter/X,2024-11-06,14:59,Image,16303,20393,1241,17,18,15,11,7.92
POST01398,Facebook,2024-07-25,08:11,Image,38200,46292,2542,91,20,44,2,7.06
POST01399,LinkedIn,2024-07-27,17:04,Image,11909,22977,619,26,12,11,4,5.61
POST01400,Instagram,2024-09-14,18:51,Carousel,23412,30179,705,29,10,15,1,3.24
POST01401,LinkedIn,2024-09-19,17:52,Story,5643,9190,245,9,3,5,1,4.64
POST01402,Facebook,2024-10-21,21:24,Story,23415,40817,878,35,14,13,1,4.01
POST01403,Instagram,2024-10-15,07:48,Reel,55878,138851,2692,54,49,53,17,5.1
POST01404,Instagram,2024-06-22,14:43,Reel,70702,113490,2719,58,32,80,24,4.09
POST01405,Instagram,2024-08-23,00:30,Reel,16338,34890,929,34,9,15,6,6.04
POST01406,Instagram,2024-02-29,21:40,Reel,39925,71807,2971,135,57,82,3,8.13
POST01407,Facebook,2024-04-22,07:51,Image,30990,73932,981,33,19,27,9,3.42
POST01408,Instagram,2024-06-10,11:33,Image,37830,65501,2329,41,45,39,20,6.49
POST01409,Twitter/X,2024-10-01,20:15,Carousel,4132,5795,278,3,2,6,2,6.99
POST01410,Instagram,2024-05-27,20:04,Video,24995,36868,1716,70,12,33,13,7.33
POST01411,Instagram,2024-10-10,15:20,Reel,30936,61602,902,38,9,14,7,3.11
POST01412,Instagram,2024-06-30,22:17,Reel,86478,167621,2587,122,46,70,18,3.27
POST01413,Facebook,2024-04-03,21:59,Image,47433,92324,2373,70,28,33,18,5.28
POST01414,Facebook,2024-04-07,06:15,Story,20274,38589,1574,23,25,19,6,8.09
POST01415,Facebook,2024-05-03,06:14,Carousel,38268,72563,1294,51,16,23,4,3.62
POST01416,Twitter/X,2024-04-13,19:22,Image,19377,28725,1516,74,22,41,4,8.53
POST01417,Twitter/X,2024-03-20,03:58,Image,11223,15104,610,25,6,18,2,5.87
POST01418,Instagram,2024-02-10,21:31,Reel,62768,121878,2921,94,37,79,20,4.99
POST01419,Instagram,2024-11-10,22:02,Image,16660,32169,585,28,7,9,1,3.78
POST01420,Instagram,2024-09-03,20:31,Carousel,50549,120671,1714,25,8,34,17,3.52
POST01421,LinkedIn,2024-10-21,15:11,Image,21905,48812,1053,34,17,22,4,5.14
POST01422,Instagram,2024-09-18,19:48,Reel,81736,201159,6178,258,90,158,30,8.18
POST01423,Facebook,2024-10-22,22:51,Video,31095,59600,1751,66,26,27,6,6.01
POST01424,LinkedIn,2024-08-04,17:02,Image,5194,8760,188,2,3,5,0,3.81
POST01425,Instagram,2024-09-14,19:29,Reel,68352,116982,1630,31,27,42,4,2.53
POST01426,Instagram,2024-03-02,14:20,Image,6299,15683,373,11,6,9,3,6.33
POST01427,Instagram,2024-12-18,19:24,Video,89705,151465,7082,259,137,99,62,8.45
POST01428,Instagram,2024-10-24,20:39,Story,26521,42064,1103,54,18,12,9,4.48
POST01429,Facebook,2024-05-12,20:15,Carousel,30447,69872,1793,46,9,39,1,6.2
POST01430,Instagram,2024-05-17,19:21,Reel,68674,111947,5307,123,71,95,24,8.15
POST01431,Instagram,2024-07-06,21:13,Reel,87200,133573,2210,29,25,63,6,2.67
POST01432,Instagram,2024-08-02,11:23,Image,47844,76468,2306,24,36,42,13,5.03
POST01433,Instagram,2024-07-24,19:36,Story,44620,84345,2720,96,49,59,21,6.55
POST01434,Instagram,2024-03-08,21:14,Reel,37115,82379,2227,102,20,62,4,6.5
POST01435,LinkedIn,2024-02-21,07:35,Video,14437,26778,428,10,2,9,0,3.11
POST01436,Instagram,2024-08-09,06:09,Image,42630,93085,2956,55,26,41,23,7.22
POST01437,Twitter/X,2024-03-17,00:11,Reel,29401,50220,746,26,9,11,3,2.69
POST01438,LinkedIn,2024-08-03,20:33,Carousel,34384,53659,1669,48,18,44,8,5.17
POST01439,Facebook,2024-09-30,15:19,Carousel,34885,77114,1015,17,6,25,7,3.05
POST01440,Twitter/X,2024-05-08,18:03,Video,22296,43463,1615,62,23,34,12,7.78
POST01441,Facebook,2024-07-22,19:03,Image,52939,88217,3964,130,63,78,4,8.0
POST01442,Instagram,2024-04-20,15:53,Reel,62380,88224,1898,82,17,46,11,3.28
POST01443,Twitter/X,2024-11-18,20:16,Image,13718,34151,558,14,4,7,4,4.25
POST01444,Twitter/X,2024-07-03,22:59,Video,35933,45347,850,40,15,22,7,2.58
POST01445,Facebook,2024-05-11,21:07,Image,53460,114111,3879,106,50,111,7,7.76
POST01446,Twitter/X,2024-06-28,19:12,Image,8610,11135,220,7,1,3,1,2.68
POST01447,Instagram,2024-10-22,20:34,Carousel,20244,30762,1290,51,14,18,7,6.78
POST01448,Twitter/X,2024-03-30,09:22,Video,13973,30420,458,17,3,13,2,3.51
POST01449,LinkedIn,2024-06-15,15:49,Image,4860,11113,370,5,4,5,2,7.9
POST01450,LinkedIn,2024-08-16,12:39,Image,9210,13218,624,17,6,8,1,7.11
POST01451,LinkedIn,2024-05-26,04:55,Video,22220,29919,540,21,8,6,3,2.59
POST01452,Instagram,2024-03-26,10:26,Story,24832,46176,1590,23,13,26,4,6.65
POST01453,Facebook,2024-11-19,12:54,Reel,5973,8508,212,6,1,4,1,3.73
POST01454,LinkedIn,2024-02-06,20:14,Carousel,24311,46977,1598,39,21,32,2,6.95
POST01455,Instagram,2024-06-09,20:45,Image,26104,32284,736,12,4,17,6,2.95
POST01456,Facebook,2024-05-16,12:17,Carousel,23193,37642,673,23,7,14,5,3.09
POST01457,Facebook,2024-08-15,11:47,Reel,59988,96105,1781,76,24,39,14,3.2
POST01458,Instagram,2024-10-27,14:26,Video,42095,90605,2392,43,17,29,15,5.89
POST01459,Instagram,2024-03-26,18:08,Image,34977,43620,2764,77,28,43,7,8.33
POST01460,LinkedIn,2024-04-30,23:44,Story,8025,11658,521,10,5,9,1,6.79
POST01461,Facebook,2024-02-10,21:06,Video,42639,54094,2943,126,25,48,15,7.37
POST01462,Facebook,2024-02-18,21:35,Image,21561,28692,944,28,18,12,9,4.65
POST01463,Facebook,2024-01-28,21:33,Image,9051,12589,480,7,6,13,1,5.59
POST01464,LinkedIn,2024-02-12,22:09,Image,10781,21352,280,13,1,6,1,2.78
POST01465,Facebook,2024-02-13,12:19,Image,3205,5515,101,2,1,2,0,3.31
POST01466,Instagram,2024-04-27,20:28,Reel,45141,110317,1319,38,17,26,10,3.1
POST01467,LinkedIn,2024-11-16,22:53,Image,5815,9504,188,7,2,3,0,3.44
POST01468,Instagram,2024-03-28,20:55,Story,50673,112263,1438,63,15,35,8,3.06
POST01469,LinkedIn,2024-06-15,14:55,Video,21270,49911,899,11,17,16,5,4.43
POST01470,LinkedIn,2024-10-03,17:28,Video,24545,38901,1229,54,20,35,2,5.45
POST01471,Instagram,2024-03-10,22:34,Image,69088,153286,4117,126,30,121,18,6.36
POST01472,Instagram,2024-03-31,14:40,Reel,40324,69107,1613,37,12,43,3,4.23
POST01473,Twitter/X,2024-11-21,13:33,Image,6943,15469,381,14,3,8,1,5.85
POST01474,Facebook,2024-11-23,09:58,Carousel,26897,49753,1163,40,6,23,10,4.58
POST01475,Instagram,2024-06-26,07:51,Reel,65959,115898,2737,75,35,61,22,4.41
POST01476,Facebook,2024-02-15,11:26,Carousel,21075,34563,1253,48,16,13,3,6.31
POST01477,Instagram,2024-05-13,18:00,Video,45525,101802,2772,50,18,73,20,6.4
POST01478,Facebook,2024-09-24,04:22,Image,5787,7180,157,3,1,1,0,2.8
POST01479,LinkedIn,2024-05-26,00:44,Video,29355,73318,593,6,10,8,0,2.1
POST01480,Instagram,2024-09-08,15:19,Reel,45903,113027,3351,160,22,91,7,7.89
POST01481,Facebook,2024-01-05,09:38,Carousel,22192,28143,834,39,6,9,4,4.0
POST01482,Twitter/X,2024-04-28,17:23,Image,10409,12573,498,5,9,10,0,5.01
POST01483,Instagram,2024-04-06,17:27,Reel,25981,36422,572,28,6,12,3,2.38
POST01484,LinkedIn,2024-07-21,21:53,Carousel,10493,12729,643,31,12,8,1,6.61
POST01485,Facebook,2024-07-12,18:27,Reel,74043,128772,1641,37,26,47,5,2.36
POST01486,Instagram,2024-11-16,22:51,Reel,81526,189705,6293,232,83,63,8,8.18
POST01487,Instagram,2024-12-21,09:41,Video,47171,75304,1962,52,12,21,13,4.34
POST01488,Facebook,2024-09-29,13:12,Video,30860,54190,1804,86,31,33,12,6.33
POST01489,Instagram,2024-02-05,20:07,Reel,56012,115179,1626,76,21,26,3,3.12
POST01490,Facebook,2024-11-22,14:17,Carousel,12275,15248,850,17,14,13,2,7.28
POST01491,Twitter/X,2024-12-24,06:20,Video,6975,13901,374,17,5,6,3,5.76
POST01492,Instagram,2024-01-10,22:01,Reel,47532,73836,3743,77,57,56,15,8.27
POST01493,Instagram,2024-04-05,09:17,Carousel,22661,47869,762,7,7,22,5,3.52
POST01494,Facebook,2024-03-05,23:00,Image,32715,46481,862,39,17,11,1,2.84
POST01495,Instagram,2024-04-29,18:31,Reel,33219,58373,2307,93,24,49,19,7.44
POST01496,Instagram,2024-04-21,20:50,Carousel,64450,80026,1465,34,9,28,11,2.38
POST01497,Facebook,2024-09-12,14:44,Image,39450,95160,1136,42,21,22,4,3.1
POST01498,Instagram,2024-01-17,19:03,Carousel,37317,78900,1199,44,9,26,5,3.42
POST01499,LinkedIn,2024-05-16,02:34,Story,15888,26364,1088,21,12,21,4,7.19
POST01500,Twitter/X,2024-08-28,20:52,Reel,25478,47482,753,18,11,21,6,3.15
POST01501,Instagram,2024-07-14,03:49,Reel,15619,23645,370,6,2,10,0,2.48
POST01502,Facebook,2024-12-31,21:15,Reel,23515,34503,1238,52,16,34,1,5.7
POST01503,Facebook,2024-01-18,18:33,Reel,25002,57090,1588,66,14,28,10,6.78
POST01504,Facebook,2024-12-06,15:24,Story,22634,29903,515,7,4,10,4,2.37
POST01505,Instagram,2024-12-14,10:10,Story,25821,63173,1814,44,11,38,10,7.39
POST01506,LinkedIn,2024-11-18,23:59,Story,6695,9366,432,10,5,5,1,6.75
POST01507,Facebook,2024-10-08,08:30,Image,8171,12139,482,22,3,6,4,6.28
POST01508,Facebook,2024-11-22,20:56,Image,44678,80478,1733,63,30,29,8,4.15
POST01509,Twitter/X,2024-01-27,06:07,Carousel,12145,14666,525,11,7,7,1,4.53
POST01510,Twitter/X,2024-04-30,10:00,Video,4665,5747,282,13,2,6,2,6.5
POST01511,Twitter/X,2024-03-26,18:07,Image,6951,14685,441,16,4,5,2,6.7
POST01512,Facebook,2024-07-21,00:02,Carousel,8983,15817,648,29,11,7,6,7.74
POST01513,Instagram,2024-10-24,15:44,Image,13301,21588,799,30,10,23,0,6.48
POST01514,LinkedIn,2024-11-01,18:15,Story,27216,47957,1592,77,11,29,13,6.28
POST01515,Twitter/X,2024-03-21,21:39,Video,27203,47543,1937,79,11,43,6,7.61
POST01516,Facebook,2024-06-22,20:03,Story,18608,22864,1002,39,11,28,8,5.8
POST01517,Facebook,2024-01-31,19:44,Image,19219,28557,1504,58,15,17,8,8.29
POST01518,Instagram,2024-10-01,04:31,Reel,37734,56790,1348,51,10,25,1,3.8
POST01519,Instagram,2024-04-29,22:50,Reel,99111,142970,5766,173,37,80,30,6.11
POST01520,Twitter/X,2024-11-26,14:46,Video,7945,12430,480,22,4,7,2,6.46
POST01521,Instagram,2024-04-08,21:22,Reel,25230,61793,781,17,9,21,3,3.28
POST01522,LinkedIn,2024-03-09,18:31,Carousel,24074,57720,923,18,9,10,7,3.99
POST01523,Twitter/X,2024-12-27,09:34,Carousel,4090,6478,130,3,1,2,1,3.33
POST01524,Twitter/X,2024-12-22,18:11,Image,13963,29909,309,15,5,4,1,2.38
POST01525,Facebook,2024-10-05,21:17,Video,68826,85468,5075,183,81,51,33,7.83
POST01526,Facebook,2024-11-02,17:10,Video,18374,35326,1312,25,22,17,10,7.49
POST01527,Twitter/X,2024-02-05,14:18,Image,9481,13358,606,16,7,9,3,6.73
POST01528,Instagram,2024-05-14,14:00,Reel,15546,33482,652,17,8,18,4,4.47
POST01529,Facebook,2024-11-22,23:11,Carousel,22337,38729,821,28,12,15,4,3.92
POST01530,LinkedIn,2024-01-10,11:49,Carousel,13301,19145,936,13,7,10,2,7.26
POST01531,Twitter/X,2024-11-13,18:42,Video,20678,43690,1005,22,9,24,3,5.13
POST01532,LinkedIn,2024-10-02,06:33,Image,8409,13878,558,11,5,6,5,6.9
POST01533,Instagram,2024-12-15,17:09,Reel,45739,66914,1979,58,18,50,8,4.6
POST01534,LinkedIn,2024-11-09,21:41,Image,21712,26281,1422,49,24,27,11,7.01
POST01535,Facebook,2024-06-13,22:42,Image,14228,33597,431,11,7,4,0,3.18
POST01536,Twitter/X,2024-02-04,19:11,Image,19658,24292,469,18,4,7,1,2.53
POST01537,Facebook,2024-01-17,21:12,Image,36318,55410,1453,41,7,17,10,4.18
POST01538,Facebook,2024-02-20,21:42,Carousel,6449,8026,509,22,6,6,1,8.42
POST01539,Instagram,2024-09-07,22:37,Video,65357,115608,4664,77,41,88,34,7.45
POST01540,Facebook,2024-05-11,19:38,Story,28107,63502,2126,81,18,42,2,8.07
POST01541,Facebook,2024-02-06,19:41,Reel,81363,196018,4982,113,39,134,13,6.47
POST01542,Instagram,2024-09-08,02:29,Video,40060,76697,1923,90,17,29,9,5.14
POST01543,Instagram,2024-11-23,22:47,Image,56471,117020,3505,52,63,39,13,6.48
POST01544,Twitter/X,2024-07-31,22:03,Video,25111,40016,1196,24,12,31,10,5.03
POST01545,Instagram,2024-11-11,18:46,Reel,100381,127474,7574,276,138,184,16,8.14
POST01546,Twitter/X,2024-02-06,02:13,Carousel,1897,3132,99,4,0,2,0,5.54
POST01547,Instagram,2024-09-22,19:34,Carousel,20836,25913,912,30,14,14,4,4.66
POST01548,LinkedIn,2024-07-16,22:42,Story,18501,28287,1413,36,22,31,5,8.12
POST01549,LinkedIn,2024-05-07,05:35,Carousel,21266,53031,936,33,17,17,7,4.72
POST01550,Twitter/X,2024-10-12,03:49,Video,22291,54109,672,6,5,9,3,3.1
POST01551,Twitter/X,2024-11-22,21:29,Carousel,5219,6977,318,10,3,3,2,6.4
POST01552,Facebook,2024-12-25,03:10,Image,23069,42426,486,7,5,11,1,2.21
POST01553,Facebook,2024-04-02,16:21,Reel,37887,61524,1061,31,17,12,5,2.96
POST01554,Instagram,2024-12-02,22:28,Image,67382,155627,3727,167,62,87,24,6.0
POST01555,Instagram,2024-06-29,17:20,Carousel,17552,23809,502,18,7,13,3,3.08
POST01556,Facebook,2024-07-09,20:27,Reel,64637,134201,1697,47,21,29,4,2.78
POST01557,Facebook,2024-06-14,18:34,Video,33555,82501,961,43,8,20,5,3.08
POST01558,Facebook,2024-04-19,22:59,Carousel,34027,49759,824,33,7,18,5,2.59
POST01559,Facebook,2024-05-10,21:28,Carousel,53615,82070,1304,51,21,39,11,2.64
POST01560,Twitter/X,2024-07-22,18:18,Carousel,10120,19491,429,19,5,6,4,4.54
POST01561,LinkedIn,2024-11-01,19:56,Carousel,11335,18041,420,10,2,8,2,3.88
POST01562,Twitter/X,2024-06-03,19:13,Video,4818,10560,145,5,0,4,0,3.2
POST01563,Instagram,2024-06-10,20:58,Image,25349,32823,1822,49,24,45,6,7.65
POST01564,Twitter/X,2024-10-10,18:59,Story,20524,45882,919,14,15,11,2,4.67
POST01565,Instagram,2024-10-19,18:29,Reel,85482,203244,6320,89,45,172,29,7.75
POST01566,Instagram,2024-07-01,20:23,Reel,32873,48813,2079,73,13,59,12,6.77
POST01567,Instagram,2024-10-25,20:51,Video,67180,96856,5009,215,37,137,17,8.04
POST01568,Instagram,2024-06-02,21:36,Reel,91555,121164,3582,178,54,88,10,4.26
POST01569,Instagram,2024-04-21,23:20,Video,64039,96372,2021,66,20,53,5,3.37
POST01570,Facebook,2024-09-04,22:52,Image,53062,128357,1512,37,13,41,8,3.02
POST01571,Instagram,2024-02-18,09:02,Reel,17502,33087,1288,26,11,19,5,7.68
POST01572,Instagram,2024-10-22,18:58,Reel,21823,45965,1739,18,17,27,5,8.25
POST01573,Instagram,2024-06-20,21:26,Reel,22113,47854,1362,27,11,30,10,6.47
POST01574,Twitter/X,2024-03-02,07:47,Carousel,5721,8817,370,18,5,9,0,7.03
POST01575,Instagram,2024-11-30,00:40,Reel,46488,63473,2034,42,19,25,16,4.56
POST01576,Instagram,2024-11-19,20:33,Video,29303,67534,1134,48,7,15,10,4.11
POST01577,LinkedIn,2024-01-22,22:09,Image,8573,20796,280,3,3,3,0,3.37
POST01578,Twitter/X,2024-06-16,07:09,Image,8710,12001,533,26,5,11,5,6.6
POST01579,LinkedIn,2024-01-26,12:28,Video,12074,14929,951,46,10,9,7,8.41
POST01580,LinkedIn,2024-10-31,02:14,Image,8191,18584,616,25,4,11,3,8.01
POST01581,Instagram,2024-08-09,21:09,Video,35494,83008,1826,48,17,29,6,5.41
POST01582,Twitter/X,2024-03-08,21:36,Reel,34818,77935,1233,42,14,31,4,3.79
POST01583,Facebook,2024-01-26,08:05,Carousel,24866,37241,797,36,7,12,3,3.43
POST01584,Instagram,2024-07-23,22:08,Reel,82332,109875,2898,135,43,29,8,3.77
POST01585,LinkedIn,2024-03-10,06:31,Carousel,4416,9222,280,12,4,3,1,6.77
POST01586,Instagram,2024-07-21,06:35,Reel,20886,47154,1192,51,15,20,11,6.12
POST01587,Instagram,2024-11-11,16:15,Carousel,12770,17634,699,31,8,17,5,5.91
POST01588,LinkedIn,2024-05-04,21:20,Carousel,23742,35064,622,14,10,14,2,2.78
POST01589,Twitter/X,2024-12-16,02:07,Reel,16252,37071,901,21,16,10,8,5.83
POST01590,Facebook,2024-12-09,11:22,Image,33954,68098,1261,58,21,18,12,4.0
POST01591,Facebook,2024-04-07,22:41,Carousel,5024,6178,389,9,3,10,2,8.18
POST01592,Instagram,2024-01-13,05:22,Image,34404,44629,2581,102,25,44,14,8.0
POST01593,Facebook,2024-11-11,14:39,Carousel,26641,33180,1762,68,34,50,13,7.18
POST01594,Facebook,2024-03-15,07:12,Image,12941,28404,954,39,7,20,3,7.88
POST01595,Instagram,2024-12-16,18:07,Video,12493,21435,327,14,4,7,2,2.82
POST01596,LinkedIn,2024-01-28,22:59,Image,17668,34411,386,6,3,4,1,2.26
POST01597,Instagram,2024-03-16,09:00,Reel,22873,35981,1706,51,15,37,4,7.91
POST01598,Instagram,2024-06-24,03:19,Image,31710,62637,1586,78,27,44,5,5.47
POST01599,LinkedIn,2024-08-18,10:13,Image,11864,23085,647,31,7,15,3,5.9
POST01600,Instagram,2024-10-02,22:33,Reel,22673,44465,927,33,4,10,1,4.3
POST01601,Facebook,2024-05-12,19:46,Carousel,28649,55770,1893,40,21,38,4,6.95
POST01602,Instagram,2024-03-13,21:01,Video,66218,151188,4512,63,85,55,30,7.12
POST01603,LinkedIn,2024-07-11,21:33,Carousel,7806,13268,471,15,3,12,2,6.42
POST01604,LinkedIn,2024-01-23,18:18,Video,38330,53282,2816,78,37,78,10,7.85
POST01605,Instagram,2024-04-12,19:17,Reel,51735,74177,2113,99,15,47,13,4.4
POST01606,Instagram,2024-01-28,00:04,Video,53865,95593,3108,49,60,76,10,6.11
POST01607,LinkedIn,2024-07-17,21:54,Video,40643,49821,2132,102,23,39,20,5.65
POST01608,LinkedIn,2024-12-03,18:01,Carousel,24677,52130,1929,52,21,33,16,8.25
POST01609,Instagram,2024-05-29,20:24,Video,90990,144284,4892,97,84,59,41,5.64
POST01610,Facebook,2024-04-28,16:45,Image,15453,24218,608,14,3,18,0,4.16
POST01611,LinkedIn,2024-02-20,15:55,Image,22910,38102,1384,54,21,16,9,6.44
POST01612,Instagram,2024-11-01,05:12,Image,27480,43180,959,38,6,16,2,3.71
POST01613,Instagram,2024-09-13,17:59,Video,51056,84459,3181,100,38,64,21,6.63
POST01614,LinkedIn,2024-12-30,19:59,Image,26399,47652,1995,20,17,24,15,7.79
POST01615,Instagram,2024-09-28,21:25,Carousel,26014,51738,1863,19,12,22,13,7.37
POST01616,Instagram,2024-03-21,20:22,Reel,54419,132148,1132,27,7,14,9,2.17
POST01617,Twitter/X,2024-11-16,22:17,Carousel,11047,16363,314,9,5,3,3,3.0
POST01618,Facebook,2024-02-01,12:56,Story,4967,9588,228,6,4,3,1,4.85
POST01619,Facebook,2024-01-16,08:14,Image,14811,33433,383,4,2,9,2,2.69
POST01620,Facebook,2024-03-18,21:42,Video,43694,84988,3436,66,35,51,11,8.21
POST01621,Facebook,2024-03-11,21:33,Carousel,12797,16214,992,20,17,17,2,8.17
POST01622,Instagram,2024-12-13,20:43,Video,9143,21166,485,12,8,14,3,5.68
POST01623,Twitter/X,2024-04-26,18:09,Video,9261,19398,576,13,7,12,2,6.57
POST01624,Instagram,2024-08-06,19:21,Carousel,42718,103411,1551,47,11,40,13,3.86
POST01625,Twitter/X,2024-08-17,06:41,Video,16196,20282,1055,28,21,12,9,6.89
POST01626,Facebook,2024-03-11,21:51,Carousel,27476,43675,1025,43,9,27,1,4.02
POST01627,Instagram,2024-04-13,09:44,Story,39322,89578,2508,46,48,28,22,6.69
POST01628,Instagram,2024-12-27,04:27,Reel,32299,71108,2237,84,34,45,13,7.43
POST01629,LinkedIn,2024-03-15,18:58,Image,21369,50455,1243,46,18,23,8,6.22
POST01630,Instagram,2024-03-21,22:34,Carousel,42810,97641,959,18,10,13,1,2.34
POST01631,Instagram,2024-03-01,19:46,Reel,60097,111275,3743,60,55,43,9,6.49
POST01632,Facebook,2024-01-16,13:26,Carousel,12013,17608,412,7,4,9,2,3.6
POST01633,LinkedIn,2024-06-04,20:59,Carousel,9009,21755,566,6,6,14,5,6.57
POST01634,Facebook,2024-05-20,19:06,Carousel,4375,5951,309,7,4,6,2,7.45
POST01635,LinkedIn,2024-03-08,22:39,Video,43941,70247,3413,113,67,59,17,8.31
POST01636,Instagram,2024-05-16,19:14,Video,61833,139124,3870,143,53,94,18,6.73
POST01637,LinkedIn,2024-11-01,18:22,Carousel,34363,61628,1247,30,7,23,12,3.8
POST01638,Instagram,2024-02-10,15:08,Carousel,11590,26370,654,20,12,8,2,5.99
POST01639,LinkedIn,2024-09-14,15:45,Carousel,24452,54125,1772,67,29,36,16,7.79
POST01640,LinkedIn,2024-11-28,21:31,Carousel,32561,58315,1613,28,24,33,4,5.21
POST01641,Instagram,2024-08-30,19:14,Reel,69379,156717,4072,100,38,41,34,6.13
POST01642,Instagram,2024-01-17,00:59,Reel,13008,17412,351,12,6,5,2,2.88
POST01643,Instagram,2024-05-18,07:47,Carousel,27149,39901,969,26,6,11,6,3.73
POST01644,Facebook,2024-12-09,06:04,Carousel,11691,23298,544,6,7,6,4,4.82
POST01645,Facebook,2024-03-31,14:55,Reel,6936,13177,418,5,4,10,3,6.3
POST01646,Instagram,2024-11-11,10:55,Reel,46782,86070,1885,53,19,42,2,4.27
POST01647,Instagram,2024-08-22,13:25,Reel,33195,68109,1341,30,15,17,11,4.23
POST01648,Instagram,2024-01-22,12:46,Reel,28177,52003,1483,71,27,19,7,5.68
POST01649,Twitter/X,2024-06-09,22:38,Video,1937,3840,112,1,2,1,0,5.99
POST01650,Twitter/X,2024-10-01,22:50,Story,21427,49441,1233,57,6,31,8,6.19
POST01651,Instagram,2024-01-20,14:29,Reel,45519,85634,3408,166,30,48,5,8.02
POST01652,Facebook,2024-01-22,07:33,Image,13931,28892,1103,51,17,13,3,8.5
POST01653,Instagram,2024-10-02,18:35,Reel,90805,117453,5715,146,94,108,23,6.68
POST01654,Facebook,2024-07-17,20:03,Carousel,30570,38661,1572,17,18,43,6,5.4
POST01655,Twitter/X,2024-04-07,21:56,Video,22338,32041,531,13,9,7,1,2.51
POST01656,Twitter/X,2024-06-04,09:29,Carousel,15965,38706,1159,21,14,19,5,7.6
POST01657,Facebook,2024-03-26,19:58,Carousel,39516,84334,1834,28,26,46,12,4.89
POST01658,Facebook,2024-01-28,04:29,Image,15836,25896,1190,43,10,23,10,7.99
POST01659,Instagram,2024-11-26,23:32,Reel,9103,19852,277,9,5,8,1,3.28
POST01660,Twitter/X,2024-02-27,22:57,Video,9352,17283,486,17,2,11,0,5.52
POST01661,Facebook,2024-12-22,12:26,Carousel,35695,49752,2823,128,46,51,7,8.54
POST01662,Twitter/X,2024-06-14,05:29,Video,22243,36583,892,44,11,11,2,4.31
POST01663,Facebook,2024-10-29,06:56,Image,11294,19703,753,18,14,10,4,7.04
POST01664,Instagram,2024-08-20,20:44,Reel,34918,84176,2533,93,37,36,5,7.73
POST01665,Facebook,2024-11-28,05:45,Image,21656,33125,548,11,9,14,4,2.69
POST01666,Facebook,2024-03-04,21:40,Video,9854,16831,694,25,10,14,6,7.54
POST01667,Instagram,2024-07-04,21:46,Reel,90750,214867,3519,117,53,45,17,4.11
POST01668,Instagram,2024-09-18,05:24,Image,16752,26127,994,14,18,25,2,6.27
POST01669,LinkedIn,2024-10-08,19:58,Reel,30270,46013,2174,49,18,54,2,7.58
POST01670,Instagram,2024-06-20,21:55,Reel,58255,129505,2333,105,33,61,13,4.35
POST01671,Instagram,2024-03-17,19:11,Reel,34466,56879,2548,99,13,26,14,7.79
POST01672,Facebook,2024-12-30,20:19,Video,53230,118474,2119,66,14,44,4,4.21
POST01673,Facebook,2024-08-16,19:07,Reel,64849,151639,1719,71,12,18,4,2.81
POST01674,LinkedIn,2024-03-08,00:39,Video,2982,5146,67,2,0,1,0,2.35
POST01675,Instagram,2024-05-09,21:54,Image,53449,118811,4140,67,45,111,34,8.16
POST01676,Facebook,2024-09-12,00:38,Image,38171,64808,1229,43,24,12,7,3.43
POST01677,Facebook,2024-09-09,22:42,Story,38831,74043,1875,38,10,34,2,5.04
POST01678,Facebook,2024-08-31,14:05,Video,18086,44934,837,10,16,21,3,4.89
POST01679,Twitter/X,2024-11-03,07:56,Image,18633,28442,1396,61,19,28,13,8.07
POST01680,Twitter/X,2024-10-07,22:52,Story,19885,28012,1205,38,6,13,10,6.35
POST01681,Twitter/X,2024-04-16,19:03,Video,12499,25656,943,18,16,26,8,8.02
POST01682,Twitter/X,2024-11-30,19:54,Carousel,19643,29805,626,19,8,11,4,3.38
POST01683,Facebook,2024-01-17,19:19,Reel,67300,124298,2455,91,13,52,11,3.88
POST01684,Twitter/X,2024-06-18,01:06,Video,19522,25082,1397,62,16,28,11,7.7
POST01685,LinkedIn,2024-08-01,05:43,Image,10062,21701,766,37,14,17,3,8.29
POST01686,Instagram,2024-05-25,22:44,Reel,83232,179928,4352,58,82,83,18,5.5
POST01687,Facebook,2024-10-31,17:11,Carousel,23778,58650,1032,47,8,14,6,4.63
POST01688,LinkedIn,2024-08-21,11:59,Video,22999,28731,1313,20,13,30,2,5.98
POST01689,Instagram,2024-01-19,20:20,Image,10845,21333,505,14,5,5,2,4.88
POST01690,Instagram,2024-07-07,02:48,Image,31127,69493,2160,39,26,42,19,7.28
POST01691,Instagram,2024-08-06,02:18,Story,22304,41815,1530,41,23,28,7,7.27
POST01692,LinkedIn,2024-08-29,20:21,Image,9227,21708,553,19,4,9,3,6.34
POST01693,Twitter/X,2024-09-26,06:44,Image,5290,10431,232,10,3,5,0,4.73
POST01694,Facebook,2024-04-17,03:36,Carousel,28947,66435,1073,35,7,25,8,3.94
POST01695,Instagram,2024-11-18,02:30,Reel,20661,33283,1359,14,17,20,2,6.82
POST01696,Twitter/X,2024-12-18,22:18,Image,21868,26886,1658,62,9,43,4,8.1
POST01697,Facebook,2024-08-06,10:16,Video,51145,94218,1285,57,11,18,4,2.68
POST01698,Facebook,2024-09-26,19:22,Image,42788,95330,1049,13,13,13,1,2.54
POST01699,Facebook,2024-03-07,15:33,Image,38292,63271,1202,43,6,19,7,3.32
POST01700,Instagram,2024-11-19,05:56,Reel,29493,70780,1166,48,10,27,4,4.24
POST01701,Facebook,2024-11-08,20:12,Carousel,4543,10809,341,10,4,5,3,7.92
POST01702,Facebook,2024-01-01,21:40,Image,55749,109075,4155,105,78,95,38,7.95
POST01703,LinkedIn,2024-03-01,06:51,Carousel,18783,41117,922,16,6,15,2,5.11
POST01704,Twitter/X,2024-11-11,13:02,Image,19813,39978,894,23,4,16,6,4.73
POST01705,Facebook,2024-06-19,19:00,Carousel,28464,39066,1955,72,16,40,9,7.32
POST01706,Twitter/X,2024-11-23,20:16,Video,25471,56264,1169,27,13,25,11,4.84
POST01707,Facebook,2024-02-04,22:35,Image,32960,54400,2414,85,42,41,5,7.83
POST01708,Instagram,2024-06-14,03:43,Reel,45403,112945,1927,77,22,49,15,4.57
POST01709,LinkedIn,2024-06-19,22:39,Carousel,14089,25662,745,13,9,22,4,5.6
POST01710,Instagram,2024-01-15,06:21,Carousel,32105,49005,1604,63,21,18,4,5.31
POST01711,Instagram,2024-06-22,15:58,Video,30069,62315,2329,94,32,69,7,8.39
POST01712,Instagram,2024-08-30,20:08,Image,65809,122732,4106,72,62,63,34,6.54
POST01713,Instagram,2024-09-03,21:57,Carousel,49656,94638,1928,40,28,28,17,4.08
POST01714,Facebook,2024-10-01,14:50,Carousel,16018,38355,905,38,9,17,7,6.05
POST01715,Facebook,2024-07-30,01:53,Video,46012,96697,944,16,14,10,4,2.14
POST01716,LinkedIn,2024-09-23,20:35,Carousel,28432,66287,1892,25,34,36,14,6.99
POST01717,Instagram,2024-10-01,22:43,Reel,97441,119065,2835,38,24,34,20,3.01
POST01718,Instagram,2024-06-18,11:04,Reel,49620,83102,2110,63,12,49,8,4.5
POST01719,Instagram,2024-03-17,18:21,Video,18576,44062,559,25,7,15,2,3.26
POST01720,Twitter/X,2024-07-11,05:36,Image,19243,43291,541,18,5,7,3,2.97
POST01721,Facebook,2024-11-06,22:07,Video,23273,32068,1772,85,31,47,3,8.31
POST01722,Twitter/X,2024-06-06,10:45,Video,1332,3004,44,1,0,0,0,3.38
POST01723,Facebook,2024-01-17,18:31,Image,36906,66786,1317,61,14,35,2,3.87
POST01724,Instagram,2024-05-01,20:13,Video,81799,101952,4156,142,32,64,28,5.37
POST01725,Facebook,2024-09-25,18:23,Carousel,34584,74877,1725,79,33,29,11,5.4
POST01726,LinkedIn,2024-01-20,02:28,Video,21333,33069,1475,56,29,35,7,7.48
POST01727,LinkedIn,2024-09-16,21:57,Story,5864,7491,248,3,3,5,1,4.42
POST01728,LinkedIn,2024-09-13,20:59,Video,8997,15556,412,20,6,6,3,4.93
POST01729,Instagram,2024-09-04,16:19,Image,19178,26976,438,7,6,11,1,2.41
POST01730,Instagram,2024-06-16,18:52,Reel,74755,179731,1875,39,30,39,11,2.65
POST01731,Instagram,2024-09-21,04:13,Video,19320,36090,398,14,4,8,1,2.19
POST01732,Facebook,2024-01-19,22:55,Story,23283,44903,916,39,15,25,5,4.27
POST01733,Facebook,2024-09-24,20:59,Reel,37860,71115,1743,30,21,31,14,4.82
POST01734,LinkedIn,2024-01-23,19:55,Image,19768,26798,1503,32,27,23,12,8.02
POST01735,Instagram,2024-02-14,18:06,Video,16958,25650,752,33,14,22,7,4.84
POST01736,Instagram,2024-09-23,23:19,Image,41727,99144,869,27,9,17,5,2.21
POST01737,Facebook,2024-01-12,09:40,Story,22066,39611,938,31,10,9,9,4.48
POST01738,Facebook,2024-04-17,19:18,Video,47418,66509,1486,62,13,38,5,3.37
POST01739,Instagram,2024-05-21,14:42,Reel,11661,18797,660,32,9,11,6,6.11
POST01740,Facebook,2024-03-01,19:17,Image,24276,55396,1321,37,19,21,3,5.76
POST01741,Facebook,2024-02-28,22:35,Image,33255,57603,1455,70,27,21,11,4.73
POST01742,Facebook,2024-09-20,22:22,Image,36057,59962,2806,133,49,79,14,8.51
POST01743,Facebook,2024-10-08,19:45,Carousel,44189,104192,2783,138,28,74,20,6.84
POST01744,LinkedIn,2024-05-25,05:04,Image,15043,31579,359,17,3,9,1,2.58
POST01745,Facebook,2024-06-08,10:34,Story,12975,25751,984,43,5,29,7,8.18
POST01746,Instagram,2024-08-15,18:30,Image,23419,36900,1506,16,16,27,8,6.68
POST01747,LinkedIn,2024-12-11,21:03,Image,16826,39713,565,18,8,7,5,3.55
POST01748,Facebook,2024-02-14,05:45,Image,29576,42824,2211,63,21,55,2,7.95
POST01749,Facebook,2024-11-01,20:53,Video,41172,67447,900,14,6,26,1,2.3
POST01750,Instagram,2024-12-19,19:22,Story,36729,73783,761,22,11,21,3,2.22
POST01751,LinkedIn,2024-06-08,19:45,Video,23423,47147,1189,37,14,27,7,5.41
POST01752,Twitter/X,2024-12-09,02:59,Carousel,18872,43785,888,9,9,12,5,4.86
POST01753,LinkedIn,2024-08-26,02:52,Video,7777,15965,548,21,9,7,4,7.52
POST01754,Instagram,2024-12-23,14:19,Image,38743,75928,2872,123,45,30,12,7.92
POST01755,Facebook,2024-12-16,14:30,Video,46759,89725,1737,33,19,44,9,3.92
POST01756,Instagram,2024-04-28,04:55,Image,46217,106217,1467,69,12,36,5,3.43
POST01757,Instagram,2024-11-11,20:25,Video,38229,73547,2789,62,42,69,6,7.75
POST01758,Facebook,2024-04-03,21:21,Video,44685,73946,3014,105,35,35,19,7.14
POST01759,Instagram,2024-06-15,00:04,Image,47115,109486,1749,60,34,38,13,3.99
POST01760,Facebook,2024-08-31,21:29,Image,47408,90342,3670,168,44,87,22,8.37
POST01761,LinkedIn,2024-03-28,20:38,Carousel,10861,17844,522,11,6,8,3,5.04
POST01762,Instagram,2024-10-21,18:25,Story,6591,9335,485,9,3,7,4,7.65
POST01763,LinkedIn,2024-12-31,10:35,Carousel,16582,39497,1117,44,21,19,7,7.24
POST01764,Twitter/X,2024-11-28,20:34,Carousel,10880,24032,618,7,7,7,4,5.87
POST01765,Facebook,2024-08-24,13:15,Story,2848,3748,123,1,0,1,0,4.39
POST01766,Instagram,2024-11-13,19:30,Reel,46489,88441,2897,70,47,64,14,6.62
POST01767,Instagram,2024-07-15,19:52,Video,47618,60735,3398,164,52,58,32,7.71
POST01768,LinkedIn,2024-12-21,13:36,Carousel,19968,38458,1341,59,8,22,9,7.16
POST01769,Instagram,2024-06-24,07:11,Reel,30004,38226,1273,36,17,12,12,4.46
POST01770,Facebook,2024-12-05,23:59,Carousel,7240,9915,491,18,6,9,0,7.24
POST01771,LinkedIn,2024-12-30,15:07,Carousel,24218,37357,1795,38,26,37,11,7.83
POST01772,Facebook,2024-10-30,10:35,Image,15827,32690,669,31,10,16,2,4.59
POST01773,Instagram,2024-02-19,05:19,Reel,71196,94869,1691,40,28,47,15,2.54
POST01774,Twitter/X,2024-07-26,18:43,Carousel,19863,31715,986,17,18,21,2,5.25
POST01775,Instagram,2024-11-01,12:20,Story,36317,64975,2630,86,47,36,6,7.71
POST01776,Facebook,2024-09-10,01:05,Video,10233,12939,511,10,9,9,3,5.27
POST01777,Twitter/X,2024-04-21,18:57,Story,12252,21961,300,3,4,3,1,2.53
POST01778,Instagram,2024-11-21,04:42,Reel,8295,13092,230,10,3,3,0,2.97
POST01779,Twitter/X,2024-03-17,09:24,Video,4144,5211,216,8,1,4,1,5.53
POST01780,Twitter/X,2024-11-11,06:13,Reel,18480,28662,760,34,7,15,5,4.42
POST01781,Twitter/X,2024-12-14,09:36,Video,11402,26171,779,30,9,12,5,7.28
POST01782,Twitter/X,2024-12-13,21:45,Carousel,5777,9689,421,6,5,5,3,7.56
POST01783,Instagram,2024-06-25,18:00,Reel,61475,140457,4005,113,45,111,14,6.95
POST01784,Instagram,2024-11-09,12:54,Story,13593,30812,431,6,2,6,3,3.27
POST01785,Instagram,2024-03-06,01:23,Reel,13443,16866,1051,44,10,20,3,8.37
POST01786,Facebook,2024-10-08,00:45,Carousel,10855,25353,553,8,7,10,5,5.32
POST01787,Facebook,2024-10-13,11:07,Video,11134,25220,831,35,7,18,7,8.0
POST01788,Instagram,2024-05-24,07:27,Carousel,38722,46649,2539,102,42,72,5,7.11
POST01789,Instagram,2024-12-25,20:20,Story,31394,69684,1135,41,10,24,7,3.85
POST01790,Instagram,2024-12-30,21:27,Reel,63971,118016,2425,35,27,25,7,3.93
POST01791,Facebook,2024-10-06,19:30,Video,46149,90718,2445,32,46,29,21,5.53
POST01792,Instagram,2024-03-12,21:53,Carousel,39340,80615,1191,56,18,28,3,3.29
POST01793,Twitter/X,2024-07-03,04:18,Video,12750,19790,832,27,4,15,2,6.89
POST01794,Facebook,2024-12-09,18:04,Video,19125,23919,1243,59,12,16,7,6.95
POST01795,LinkedIn,2024-11-27,21:42,Carousel,22374,49512,1307,16,8,14,6,6.01
POST01796,LinkedIn,2024-08-11,04:05,Image,23058,56528,673,33,9,12,6,3.15
POST01797,LinkedIn,2024-03-11,13:55,Image,9447,19523,585,26,6,13,4,6.67
POST01798,Facebook,2024-08-21,22:38,Image,11268,14937,378,17,7,8,3,3.64
POST01799,Facebook,2024-08-05,14:32,Image,25991,54254,914,23,13,17,2,3.72
POST01800,Instagram,2024-08-05,14:24,Video,27903,65374,1476,31,28,35,4,5.63
POST01801,Facebook,2024-06-30,21:38,Carousel,12707,17425,347,10,3,7,1,2.89
POST01802,Facebook,2024-01-04,23:15,Image,17347,39332,1268,24,8,14,8,7.57
POST01803,LinkedIn,2024-12-30,13:59,Image,17573,37330,754,35,6,10,3,4.58
POST01804,LinkedIn,2024-10-06,01:02,Carousel,24251,37717,918,29,8,10,6,3.98
POST01805,Instagram,2024-10-17,11:07,Reel,69669,156289,3757,173,46,108,33,5.86
POST01806,Facebook,2024-10-24,22:05,Story,42688,71516,970,32,15,24,2,2.44
POST01807,Facebook,2024-03-13,16:54,Image,14649,25384,514,13,3,6,1,3.66
POST01808,Twitter/X,2024-05-23,02:33,Image,7952,10416,629,21,5,13,1,8.4
POST01809,LinkedIn,2024-11-08,21:40,Carousel,10831,13664,806,36,9,10,6,7.95
POST01810,Instagram,2024-12-05,02:43,Reel,55537,92159,3205,145,54,56,11,6.23
POST01811,Instagram,2024-11-20,18:19,Video,24497,51293,1003,30,19,10,5,4.34
POST01812,Twitter/X,2024-11-09,20:34,Video,31457,59429,1349,20,26,23,8,4.51
POST01813,Facebook,2024-01-06,16:57,Image,10004,24151,286,5,2,8,2,3.01
POST01814,LinkedIn,2024-08-28,10:26,Image,24402,30134,1138,16,16,25,1,4.9
POST01815,Instagram,2024-06-29,09:18,Reel,18126,22095,1318,21,23,21,5,7.63
POST01816,Instagram,2024-03-26,22:47,Video,33023,40724,1465,16,15,19,4,4.59
POST01817,Twitter/X,2024-06-04,18:16,Video,16756,27446,447,9,3,5,0,2.77
POST01818,Twitter/X,2024-02-01,18:10,Carousel,13210,32136,355,8,3,4,2,2.8
POST01819,LinkedIn,2024-10-20,20:51,Video,44846,110971,3368,130,38,46,10,7.99
POST01820,Facebook,2024-11-15,21:05,Carousel,32827,60199,1407,54,25,14,13,4.57
POST01821,Facebook,2024-03-05,08:16,Carousel,16860,26656,663,8,9,17,2,4.13
POST01822,Instagram,2024-03-08,08:54,Story,8144,15336,324,15,3,8,1,4.3
POST01823,Facebook,2024-05-11,18:38,Video,47560,92417,3627,37,49,88,27,7.99
POST01824,Twitter/X,2024-03-30,23:09,Image,10014,14954,636,19,5,8,1,6.67
POST01825,LinkedIn,2024-12-03,05:16,Image,22317,28076,895,22,17,12,5,4.24
POST01826,Twitter/X,2024-12-24,19:51,Carousel,14408,35426,711,26,4,13,5,5.23
POST01827,Facebook,2024-09-27,10:05,Carousel,39645,55998,1401,27,27,15,6,3.71
POST01828,Twitter/X,2024-03-15,04:53,Carousel,5385,9135,369,12,4,4,3,7.22
POST01829,Instagram,2024-09-10,13:49,Carousel,33760,42146,1200,45,10,29,11,3.8
POST01830,LinkedIn,2024-07-15,21:46,Image,20295,44340,1430,57,14,42,7,7.6
POST01831,Instagram,2024-11-22,22:46,Reel,63251,144973,4928,135,65,111,46,8.28
POST01832,Instagram,2024-06-25,20:48,Reel,61896,91730,1553,54,28,26,9,2.68
POST01833,Facebook,2024-02-29,21:25,Video,62841,105043,1728,27,31,51,6,2.92
POST01834,Instagram,2024-08-31,22:14,Reel,97332,198473,7472,158,104,177,33,8.13
POST01835,Twitter/X,2024-07-13,12:30,Story,10102,15901,294,9,4,6,0,3.1
POST01836,Facebook,2024-05-14,21:00,Image,19952,32458,964,40,5,12,4,5.12
POST01837,Instagram,2024-05-27,14:24,Video,38853,70207,1871,47,35,28,7,5.1
POST01838,Twitter/X,2024-12-13,22:43,Carousel,16763,25262,714,21,9,19,3,4.55
POST01839,Twitter/X,2024-01-22,22:40,Video,35148,71965,1315,64,15,16,9,4.01
POST01840,Instagram,2024-06-30,13:39,Image,14952,20127,704,12,12,20,3,5.0
POST01841,Instagram,2024-11-29,10:17,Carousel,13917,34183,409,7,7,9,0,3.1
POST01842,Facebook,2024-05-16,08:41,Image,39812,60853,1268,40,17,28,5,3.4
POST01843,Facebook,2024-10-26,19:46,Carousel,40310,60389,1818,76,23,29,6,4.83
POST01844,Instagram,2024-12-10,06:33,Carousel,26230,51095,1233,40,9,33,11,5.01
POST01845,Facebook,2024-06-21,05:20,Image,22507,47014,871,40,13,19,5,4.19
POST01846,Instagram,2024-10-07,18:53,Story,43132,89700,3193,130,41,41,13,7.89
POST01847,Facebook,2024-02-04,18:33,Carousel,27664,39544,1566,32,13,28,9,5.92
POST01848,Facebook,2024-02-23,11:14,Image,17570,30861,695,24,4,16,6,4.21
POST01849,LinkedIn,2024-05-25,18:01,Carousel,16874,32857,519,14,5,15,1,3.28
POST01850,Facebook,2024-11-13,22:42,Story,4508,11062,254,5,4,4,0,5.92
POST01851,LinkedIn,2024-04-21,20:07,Reel,44844,96629,2244,76,21,31,13,5.29
POST01852,Facebook,2024-12-28,02:54,Video,34871,80510,1361,46,14,24,10,4.14
POST01853,Facebook,2024-11-05,22:51,Carousel,6896,14878,174,1,2,3,1,2.61
POST01854,Twitter/X,2024-04-04,22:11,Video,11190,21641,266,11,4,4,1,2.55
POST01855,Twitter/X,2024-05-09,18:40,Image,5842,8313,191,5,1,4,0,3.44
POST01856,LinkedIn,2024-08-20,08:49,Carousel,19988,39222,1158,48,22,29,8,6.29
POST01857,Instagram,2024-08-06,21:49,Carousel,18622,42029,1316,26,13,19,12,7.38
POST01858,Facebook,2024-06-14,18:17,Carousel,7316,15451,316,3,2,8,0,4.5
POST01859,Instagram,2024-02-01,20:03,Reel,29434,51208,1698,79,9,25,4,6.15
POST01860,Facebook,2024-05-12,08:11,Video,21769,40149,452,21,7,6,1,2.23
POST01861,Twitter/X,2024-08-13,19:39,Video,5206,7584,106,4,2,1,0,2.17
POST01862,LinkedIn,2024-07-20,21:06,Carousel,14862,29449,566,25,9,9,1,4.1
POST01863,Instagram,2024-03-14,13:13,Reel,34471,85527,1653,66,12,16,7,5.07
POST01864,LinkedIn,2024-11-10,14:45,Video,10797,26417,549,27,3,11,2,5.46
POST01865,LinkedIn,2024-05-12,18:04,Image,31628,39322,1313,52,25,23,11,4.47
POST01866,Facebook,2024-10-19,14:01,Image,19340,31509,825,39,6,14,1,4.57
POST01867,LinkedIn,2024-09-11,18:59,Carousel,31562,76809,769,26,9,15,6,2.59
POST01868,Instagram,2024-01-20,08:09,Image,29490,48620,620,12,5,13,1,2.2
POST01869,Facebook,2024-12-24,21:36,Video,27161,64675,1212,30,18,12,4,4.68
POST01870,Instagram,2024-01-02,15:30,Carousel,46970,70938,1500,44,27,24,10,3.4
POST01871,LinkedIn,2024-08-11,23:49,Carousel,2945,5074,229,7,3,3,1,8.22
POST01872,Instagram,2024-02-05,00:24,Video,9434,12277,693,13,4,14,5,7.67
POST01873,Facebook,2024-12-18,15:07,Carousel,6185,13902,220,4,3,5,1,3.75
POST01874,LinkedIn,2024-10-17,11:21,Image,10563,13649,528,23,5,6,0,5.32
POST01875,Facebook,2024-12-15,18:40,Image,29313,50746,2075,33,11,53,3,7.41
POST01876,Twitter/X,2024-11-27,22:54,Reel,13168,20439,360,5,6,7,1,2.87
POST01877,Instagram,2024-06-23,21:48,Carousel,47061,85930,1419,55,12,23,8,3.21
POST01878,Instagram,2024-05-28,05:35,Reel,65377,79844,4615,152,84,90,43,7.56
POST01879,Facebook,2024-01-21,21:12,Carousel,45666,80431,1960,70,38,39,19,4.61
POST01880,Instagram,2024-06-02,03:40,Image,14849,25446,578,8,6,9,1,4.05
POST01881,Instagram,2024-12-18,18:56,Carousel,13833,25068,941,26,5,26,5,7.21
POST01882,Twitter/X,2024-11-19,06:08,Video,17130,23149,1246,34,17,24,11,7.71
POST01883,Facebook,2024-01-19,22:15,Video,9374,20019,250,4,4,6,1,2.82
POST01884,Facebook,2024-09-07,22:41,Reel,79154,191875,5957,270,38,135,49,8.09
POST01885,LinkedIn,2024-06-06,14:01,Video,10125,20491,434,14,7,4,2,4.53
POST01886,LinkedIn,2024-01-19,20:50,Video,19999,33570,1032,45,13,17,5,5.54
POST01887,Instagram,2024-01-22,06:51,Image,7025,17230,539,12,7,11,4,8.1
POST01888,Facebook,2024-11-30,14:43,Image,28994,38725,582,16,4,14,5,2.12
POST01889,Instagram,2024-10-01,22:14,Reel,47182,76529,1461,66,23,17,14,3.32
POST01890,LinkedIn,2024-02-06,19:31,Carousel,12913,24295,466,20,2,6,3,3.83
POST01891,Instagram,2024-11-30,22:02,Reel,49261,76460,1113,27,11,29,7,2.4
POST01892,Facebook,2024-05-04,04:00,Carousel,16731,28395,1325,50,12,14,1,8.37
POST01893,Instagram,2024-03-29,09:52,Video,42403,62742,2251,76,44,31,12,5.66
POST01894,Instagram,2024-02-19,05:53,Reel,10252,12936,557,13,4,9,0,5.69
POST01895,Twitter/X,2024-10-29,18:07,Video,23332,35761,677,16,9,8,4,3.04
POST01896,Twitter/X,2024-09-11,19:14,Image,23501,32647,1324,39,8,23,7,5.93
POST01897,LinkedIn,2024-02-02,13:21,Image,9477,21507,558,12,9,11,3,6.23
POST01898,Twitter/X,2024-12-13,03:43,Carousel,9144,11335,194,5,3,5,1,2.26
POST01899,Facebook,2024-10-21,10:53,Image,8480,15879,185,7,3,4,1,2.35
POST01900,Facebook,2024-04-19,18:11,Reel,40976,91353,1970,73,28,47,15,5.17
POST01901,Facebook,2024-06-20,20:09,Carousel,27168,54433,1100,12,12,31,7,4.25
POST01902,Instagram,2024-07-31,20:35,Carousel,18642,28278,705,23,9,13,5,4.02
POST01903,Instagram,2024-03-25,18:02,Carousel,25404,52407,1549,45,23,17,13,6.43
POST01904,Instagram,2024-03-09,22:24,Image,51984,76456,2937,114,31,63,16,6.05
POST01905,Instagram,2024-03-21,21:05,Reel,14015,25805,1050,50,19,16,3,8.1
POST01906,Instagram,2024-01-04,18:45,Reel,48444,80588,1645,57,30,22,13,3.62
POST01907,Facebook,2024-11-29,09:26,Carousel,12483,23630,682,8,6,15,5,5.7
POST01908,Twitter/X,2024-12-21,15:44,Video,18288,26716,1236,33,24,17,2,7.16
POST01909,Instagram,2024-03-05,20:33,Carousel,16924,38844,451,18,3,11,2,2.85
POST01910,Instagram,2024-08-18,05:39,Reel,40641,56896,1404,68,10,34,7,3.73
POST01911,LinkedIn,2024-12-20,19:45,Carousel,26728,50431,1823,33,23,27,14,7.13
POST01912,Facebook,2024-09-12,02:40,Carousel,7714,15762,490,15,5,11,4,6.75
POST01913,Facebook,2024-06-03,18:35,Video,21537,38034,525,15,6,11,2,2.59
POST01914,Facebook,2024-04-30,22:06,Carousel,26313,34149,1235,17,17,19,4,4.89
POST01915,Instagram,2024-11-12,22:32,Video,80131,152489,4967,214,83,137,48,6.74
POST01916,Facebook,2024-04-22,20:42,Story,42266,81038,3241,99,56,81,18,8.23
POST01917,Facebook,2024-04-16,19:07,Video,39102,50086,2006,85,16,41,5,5.49
POST01918,Instagram,2024-03-17,15:31,Reel,15786,20548,430,17,2,12,1,2.92
POST01919,Twitter/X,2024-03-31,18:03,Carousel,4229,9045,117,3,1,1,1,2.88
POST01920,Twitter/X,2024-11-26,19:27,Carousel,5796,7488,246,3,4,3,2,4.42
POST01921,Facebook,2024-05-08,21:02,Story,10169,12429,629,30,9,18,4,6.75
POST01922,Instagram,2024-02-23,17:11,Carousel,38161,50820,1648,74,32,29,14,4.67
POST01923,Facebook,2024-03-21,15:32,Carousel,33262,49155,1996,73,36,20,17,6.39
POST01924,Facebook,2024-02-29,19:46,Reel,22694,31842,983,36,18,29,7,4.7
POST01925,Facebook,2024-08-15,10:26,Carousel,16627,40977,891,17,7,19,5,5.62
POST01926,Instagram,2024-04-11,10:14,Carousel,28763,57664,1583,54,22,42,4,5.91
POST01927,Facebook,2024-02-26,18:15,Reel,29240,48613,1781,86,18,20,16,6.52
POST01928,Instagram,2024-07-30,12:57,Story,19692,47737,629,7,7,11,2,3.32
POST01929,Twitter/X,2024-04-22,22:31,Carousel,12434,17553,796,31,9,22,1,6.9
POST01930,Instagram,2024-01-28,04:13,Image,49162,80853,1468,31,23,28,6,3.15
POST01931,Facebook,2024-11-08,12:23,Image,39481,92316,2009,78,11,34,10,5.4
POST01932,Instagram,2024-03-10,06:40,Image,19959,45228,1118,54,16,28,9,6.09
POST01933,LinkedIn,2024-07-02,06:21,Video,31571,57225,939,16,17,26,6,3.16
POST01934,LinkedIn,2024-03-06,22:03,Carousel,15674,23361,604,22,5,13,3,4.11
POST01935,Twitter/X,2024-05-23,21:29,Image,18425,44561,551,19,4,15,1,3.2
POST01936,LinkedIn,2024-08-02,20:14,Carousel,15157,36988,1076,23,5,17,3,7.4
POST01937,Twitter/X,2024-05-31,20:39,Story,21515,28723,472,6,8,10,4,2.31
POST01938,Instagram,2024-03-28,17:54,Video,58415,131832,3546,161,41,98,31,6.58
POST01939,Facebook,2024-04-27,22:31,Video,9745,22024,443,6,8,8,2,4.77
POST01940,LinkedIn,2024-04-20,14:17,Image,3027,6416,193,4,1,3,0,6.64
POST01941,LinkedIn,2024-01-08,23:55,Image,16332,36603,925,15,12,24,3,5.98
POST01942,LinkedIn,2024-05-06,21:37,Carousel,30822,70352,811,12,15,17,4,2.77
POST01943,Facebook,2024-04-23,18:09,Image,20959,44098,647,8,5,10,4,3.2
POST01944,Instagram,2024-10-20,13:02,Story,37967,47095,1928,25,23,55,14,5.35
POST01945,Instagram,2024-01-21,23:49,Video,18460,32641,395,18,2,8,3,2.29
POST01946,Instagram,2024-09-15,22:25,Video,63205,81297,1434,61,25,35,5,2.46
POST01947,LinkedIn,2024-09-02,22:52,Video,36785,87954,1745,62,11,49,10,5.08
POST01948,LinkedIn,2024-02-20,07:05,Carousel,15613,29399,1082,12,20,19,3,7.26
POST01949,Facebook,2024-10-12,22:46,Carousel,54430,118179,1844,43,10,49,15,3.58
POST01950,Facebook,2024-07-27,04:22,Video,15098,32898,960,44,15,25,7,6.91
POST01951,Facebook,2024-05-31,18:01,Video,24560,47206,1553,31,11,24,1,6.59
POST01952,Instagram,2024-09-02,05:45,Carousel,27661,68947,831,34,12,13,3,3.22
POST01953,Facebook,2024-08-23,23:37,Carousel,12668,18873,721,14,14,20,4,6.07
POST01954,LinkedIn,2024-01-13,14:49,Carousel,4661,11401,260,9,4,6,1,5.99
POST01955,Instagram,2024-03-11,12:11,Reel,60643,147885,3290,73,35,79,14,5.73
POST01956,Instagram,2024-07-08,22:40,Image,39450,83085,1485,47,21,32,13,4.02
POST01957,Twitter/X,2024-01-01,02:24,Story,4026,7813,166,6,2,3,1,4.4
POST01958,Facebook,2024-12-19,18:18,Video,12766,27265,581,13,9,15,5,4.84
POST01959,Facebook,2024-08-06,22:39,Video,49049,73034,1607,42,31,16,4,3.46
POST01960,Instagram,2024-10-04,06:50,Reel,50691,80131,1913,28,21,29,2,3.93
POST01961,Twitter/X,2024-12-16,20:47,Carousel,7060,9373,363,11,4,9,3,5.48
POST01962,LinkedIn,2024-01-29,21:23,Image,29605,36166,1927,37,9,52,9,6.84
POST01963,Instagram,2024-01-27,20:29,Video,28813,41863,2030,34,27,23,19,7.34
POST01964,Facebook,2024-11-12,20:11,Story,26702,52275,1514,59,24,38,10,6.12
POST01965,Instagram,2024-11-27,02:35,Reel,52107,100259,2686,54,19,37,12,5.37
POST01966,LinkedIn,2024-12-29,04:21,Image,21750,48160,1504,73,11,32,7,7.45
POST01967,Instagram,2024-05-02,20:30,Reel,46069,67145,1524,53,16,29,12,3.52
POST01968,Facebook,2024-10-24,22:13,Carousel,41721,98808,1278,27,16,20,6,3.21
POST01969,Facebook,2024-04-25,20:32,Carousel,19668,33119,488,11,3,14,3,2.62
POST01970,LinkedIn,2024-12-14,01:04,Video,15818,27037,1069,24,13,24,3,7.14
POST01971,LinkedIn,2024-07-09,21:32,Video,33460,66914,1150,32,9,24,3,3.63
POST01972,Instagram,2024-09-26,15:45,Carousel,26437,57610,1216,38,7,14,10,4.82
POST01973,Instagram,2024-09-29,17:57,Video,25065,30115,926,30,12,23,5,3.95
POST01974,Facebook,2024-05-29,11:51,Carousel,7715,10730,477,7,2,10,0,6.43
POST01975,LinkedIn,2024-12-10,02:12,Carousel,19718,37757,713,29,6,17,4,3.88
POST01976,Instagram,2024-08-22,21:57,Story,33818,52190,2196,37,19,22,16,6.72
POST01977,Facebook,2024-04-01,18:06,Carousel,21131,32408,985,35,11,23,6,4.99
POST01978,Instagram,2024-03-25,19:31,Carousel,29538,56208,1388,39,16,38,11,5.01
POST01979,Facebook,2024-03-18,16:40,Carousel,10428,20179,349,16,2,9,3,3.61
POST01980,LinkedIn,2024-01-12,22:59,Story,23206,49949,810,20,14,9,6,3.68
POST01981,Facebook,2024-03-08,13:28,Video,40444,53343,1623,25,14,17,10,4.15
POST01982,Instagram,2024-11-26,19:04,Carousel,35898,72127,1743,71,14,43,15,5.21
POST01983,Twitter/X,2024-01-12,07:53,Carousel,8636,15823,245,6,1,3,1,2.95
POST01984,Twitter/X,2024-09-23,13:37,Video,11077,24285,736,27,6,14,1,7.07
POST01985,Facebook,2024-06-24,10:31,Image,30524,51663,1320,42,9,23,6,4.57
POST01986,Twitter/X,2024-10-30,16:53,Video,11735,28145,360,7,7,6,0,3.24
POST01987,Instagram,2024-10-07,09:36,Image,44531,57508,2913,92,26,79,28,6.98
POST01988,Instagram,2024-03-08,09:10,Carousel,33562,72874,2598,76,39,68,13,8.29
POST01989,Facebook,2024-05-13,20:18,Video,28637,39562,1453,33,16,43,3,5.4
POST01990,Facebook,2024-01-25,20:29,Image,38705,72989,2972,76,17,52,6,8.05
POST01991,Instagram,2024-03-26,05:45,Reel,55762,100602,3154,84,16,93,13,6.0
POST01992,LinkedIn,2024-10-01,19:53,Image,20962,49287,1075,16,8,17,6,5.32
POST01993,Instagram,2024-12-28,21:50,Reel,67489,159267,4184,66,75,67,21,6.51
POST01994,Facebook,2024-03-19,18:02,Carousel,5595,13475,114,5,0,1,0,2.14
POST01995,Facebook,2024-06-11,14:16,Reel,55383,133732,1906,39,35,21,12,3.61
POST01996,LinkedIn,2024-07-08,22:45,Video,25149,45898,637,8,11,14,2,2.66
POST01997,Instagram,2024-01-18,11:09,Reel,20946,37152,495,7,5,11,0,2.47
POST01998,Instagram,2024-07-09,05:34,Reel,21049,30463,1344,64,25,34,9,6.97
POST01999,Instagram,2024-06-03,18:25,Reel,93686,225775,6906,107,122,200,29,7.83
POST02000,Facebook,2024-09-12,14:59,Carousel,26135,51153,662,19,9,7,1,2.67
POST02001,Instagram,2024-06-12,22:32,Reel,37209,49866,1622,63,30,24,6,4.67
POST02002,Instagram,2024-06-18,09:30,Reel,23080,46927,1316,42,8,32,8,6.06
POST02003,LinkedIn,2024-05-28,18:42,Carousel,16942,35316,1258,57,7,27,2,7.96
POST02004,Instagram,2024-03-16,23:58,Reel,22489,28649,540,21,6,9,1,2.56
POST02005,LinkedIn,2024-08-14,18:46,Image,28308,65904,843,39,16,23,2,3.25
POST02006,Twitter/X,2024-09-02,04:43,Video,9994,21189,309,4,5,7,1,3.25
POST02007,LinkedIn,2024-10-09,18:25,Image,19623,24025,853,11,10,15,4,4.53
POST02008,Instagram,2024-11-12,14:22,Reel,24462,29928,1382,59,11,19,8,6.01
POST02009,LinkedIn,2024-02-17,22:41,Image,27088,65927,2150,63,25,49,12,8.44
POST02010,Facebook,2024-04-09,07:50,Carousel,26365,52434,1050,31,7,19,1,4.2
POST02011,Instagram,2024-05-22,18:34,Carousel,27812,43451,1428,33,9,41,12,5.43
POST02012,Instagram,2024-08-16,02:32,Reel,54357,122118,2006,78,14,29,12,3.91
POST02013,Twitter/X,2024-07-20,20:38,Image,23983,31307,1795,53,21,52,17,8.01
POST02014,LinkedIn,2024-11-05,01:58,Image,12000,22654,610,19,3,14,4,5.38
POST02015,Instagram,2024-12-07,19:45,Reel,26818,52748,1937,36,23,56,10,7.65
POST02016,Instagram,2024-08-06,20:00,Reel,40030,98467,1177,51,18,29,4,3.19
POST02017,Instagram,2024-05-25,20:28,Story,26213,33602,1468,22,24,33,13,5.9
POST02018,LinkedIn,2024-10-14,21:47,Image,34710,59631,2657,62,19,57,17,8.05
POST02019,Instagram,2024-07-31,09:10,Video,17989,38763,1293,40,12,22,5,7.6
POST02020,Instagram,2024-08-05,13:08,Video,28216,66886,1084,18,19,26,10,4.07
POST02021,Instagram,2024-10-27,04:13,Image,12676,18112,374,9,2,9,1,3.11
POST02022,Instagram,2024-06-04,16:21,Reel,26494,47332,1060,23,11,11,7,4.17
POST02023,LinkedIn,2024-02-03,18:48,Image,32853,79811,2089,81,18,43,20,6.79
POST02024,Twitter/X,2024-07-11,21:40,Image,27190,49721,1203,29,17,12,9,4.64
POST02025,LinkedIn,2024-05-19,17:29,Carousel,22387,44189,676,15,3,17,3,3.18
POST02026,LinkedIn,2024-12-29,04:12,Carousel,7512,13302,427,8,5,11,1,6.0
POST02027,Facebook,2024-04-05,09:35,Video,21364,41393,977,10,8,15,1,4.73
POST02028,Facebook,2024-09-08,20:53,Image,10780,19766,766,13,14,9,1,7.44
POST02029,Instagram,2024-10-26,22:47,Reel,58818,90088,3128,53,45,38,16,5.55
POST02030,LinkedIn,2024-08-25,18:09,Video,12166,25780,450,9,8,5,0,3.88
POST02031,Instagram,2024-05-14,21:07,Reel,104913,129739,4930,177,84,75,27,5.02
POST02032,LinkedIn,2024-11-30,09:26,Video,21515,29025,1352,25,10,23,9,6.55
POST02033,Instagram,2024-04-01,22:41,Video,47376,58613,3562,96,28,75,10,7.94
POST02034,Instagram,2024-05-05,20:31,Reel,58405,70813,4554,107,90,68,23,8.25
POST02035,Facebook,2024-02-04,11:37,Video,30461,45570,1465,62,27,21,8,5.17
POST02036,Instagram,2024-09-03,08:40,Reel,16984,41173,989,43,19,13,7,6.26
POST02037,Twitter/X,2024-12-17,22:52,Video,18746,35025,831,9,16,24,2,4.69
POST02038,LinkedIn,2024-03-02,22:01,Video,36153,64843,768,12,12,19,6,2.24
POST02039,Twitter/X,2024-05-12,18:09,Image,4615,8738,180,5,3,4,0,4.16
POST02040,LinkedIn,2024-06-12,22:08,Carousel,5108,7115,310,4,5,6,1,6.36
POST02041,Instagram,2024-07-01,20:23,Reel,86496,202983,2187,51,23,61,21,2.68
POST02042,Instagram,2024-08-02,11:03,Image,11741,14372,664,31,4,9,2,6.03
POST02043,LinkedIn,2024-05-28,18:32,Image,31933,43080,775,34,12,11,3,2.61
POST02044,Instagram,2024-04-09,05:48,Reel,62313,106815,4438,178,56,95,9,7.65
POST02045,LinkedIn,2024-02-18,05:34,Carousel,6887,12438,536,24,7,9,3,8.36
POST02046,Facebook,2024-06-14,21:51,Video,27543,58714,1882,93,13,55,12,7.42
POST02047,LinkedIn,2024-06-03,20:06,Carousel,20081,42465,787,36,5,12,1,4.18
POST02048,Instagram,2024-09-30,04:00,Video,58292,97153,3051,127,53,54,14,5.64
POST02049,Instagram,2024-03-11,11:49,Image,48634,67774,3013,74,35,39,21,6.5
POST02050,LinkedIn,2024-09-05,05:06,Image,14567,26227,421,16,3,10,2,3.09
POST02051,Facebook,2024-04-21,19:53,Carousel,7933,10445,346,11,3,8,2,4.64
POST02052,LinkedIn,2024-04-06,17:39,Carousel,22828,48929,1404,60,20,25,7,6.61
POST02053,LinkedIn,2024-12-19,16:54,Carousel,10583,26011,438,6,4,8,2,4.31
POST02054,Facebook,2024-09-29,22:48,Video,36178,53198,2625,81,48,43,4,7.73
POST02055,Facebook,2024-02-28,02:07,Image,20490,31855,1612,59,30,43,10,8.51
POST02056,LinkedIn,2024-03-08,15:22,Reel,23980,48286,1487,29,25,43,7,6.61
POST02057,LinkedIn,2024-06-08,04:52,Carousel,5641,8249,381,9,7,11,3,7.23
POST02058,Instagram,2024-08-14,19:33,Video,73547,91196,5594,88,95,148,41,8.06
POST02059,Instagram,2024-06-24,20:01,Reel,35037,51582,1872,69,13,27,5,5.65
POST02060,Instagram,2024-03-01,19:44,Story,12574,27137,850,20,14,25,6,7.23
POST02061,Facebook,2024-04-26,19:08,Carousel,48384,62068,3423,117,36,38,24,7.47
POST02062,Instagram,2024-02-10,03:04,Reel,50088,119475,3482,97,37,51,15,7.32
POST02063,Instagram,2024-01-10,13:02,Story,17304,29488,1223,60,24,22,6,7.68
POST02064,Instagram,2024-04-10,22:37,Video,75311,97857,4127,64,23,72,27,5.69
POST02065,Instagram,2024-01-31,08:02,Video,37473,54379,820,36,5,22,7,2.36
POST02066,Facebook,2024-02-03,18:48,Carousel,13482,32217,855,36,15,25,6,6.91
POST02067,Facebook,2024-02-19,19:13,Video,25893,48485,820,28,14,17,6,3.39
POST02068,LinkedIn,2024-10-27,05:42,Image,9110,11428,216,10,4,2,0,2.55
POST02069,Instagram,2024-06-28,19:54,Carousel,36943,46875,1567,60,15,35,10,4.54
POST02070,LinkedIn,2024-05-22,11:22,Carousel,5094,8134,161,7,1,1,1,3.34
POST02071,LinkedIn,2024-03-23,23:39,Video,12360,26589,849,35,12,15,8,7.37
POST02072,Facebook,2024-05-03,02:06,Image,23263,29925,1069,40,14,19,8,4.91
POST02073,LinkedIn,2024-10-23,16:13,Carousel,21237,47473,1596,19,17,47,10,7.91
POST02074,Facebook,2024-04-08,05:57,Image,4915,8703,135,3,1,3,1,2.89
POST02075,Facebook,2024-10-02,18:59,Reel,62995,137653,3794,106,69,85,37,6.44
POST02076,LinkedIn,2024-04-19,22:30,Image,10455,20318,661,21,11,10,1,6.72
POST02077,Instagram,2024-07-06,05:28,Reel,13224,18738,280,5,1,4,0,2.19
POST02078,Facebook,2024-12-10,05:53,Video,21677,50039,657,19,10,16,5,3.24
POST02079,Instagram,2024-06-30,13:13,Video,11352,28134,244,9,2,2,0,2.26
POST02080,Twitter/X,2024-09-20,18:48,Video,31635,56154,988,40,18,25,7,3.39
POST02081,Instagram,2024-06-09,18:33,Image,39516,58290,1198,15,18,23,10,3.17
POST02082,Instagram,2024-03-10,11:45,Image,5907,10389,373,12,7,6,0,6.74
POST02083,Facebook,2024-05-27,01:05,Image,24663,50703,1254,17,18,16,5,5.29
POST02084,Facebook,2024-06-16,12:18,Carousel,10914,13961,575,21,4,14,5,5.63
POST02085,Instagram,2024-08-21,09:43,Reel,26575,48319,1897,60,10,55,16,7.61
POST02086,Instagram,2024-08-15,21:18,Story,28201,38709,1143,34,21,13,8,4.29
POST02087,Instagram,2024-08-07,18:57,Reel,42571,86290,1330,22,24,24,9,3.29
POST02088,Facebook,2024-08-31,11:11,Carousel,18201,30439,1302,37,10,37,10,7.61
POST02089,Instagram,2024-01-07,15:43,Story,16154,36132,651,13,5,9,4,4.2
POST02090,Twitter/X,2024-02-23,22:42,Image,18114,29125,1077,26,14,26,5,6.31
POST02091,Twitter/X,2024-12-12,19:25,Image,20090,29410,535,21,8,14,2,2.88
POST02092,Twitter/X,2024-07-24,03:47,Image,16740,36433,1116,53,10,17,10,7.14
POST02093,LinkedIn,2024-03-27,19:21,Carousel,30134,63074,1770,84,11,29,9,6.29
POST02094,LinkedIn,2024-04-12,12:07,Video,4617,6171,181,3,3,2,0,4.09
POST02095,LinkedIn,2024-04-29,23:31,Reel,33100,67075,930,26,8,26,2,2.99
POST02096,LinkedIn,2024-05-22,18:37,Video,8542,10898,282,13,3,4,2,3.54
POST02097,Facebook,2024-05-19,20:25,Image,10343,19124,400,18,5,9,0,4.18
POST02098,Instagram,2024-07-01,19:25,Video,59823,99253,4164,43,70,89,41,7.3
POST02099,Facebook,2024-09-05,04:49,Image,9035,18465,347,8,2,9,2,4.05
POST02100,Instagram,2024-08-20,20:31,Carousel,56989,132578,4249,79,74,102,41,7.9
POST02101,Facebook,2024-09-11,19:01,Image,16440,38639,572,26,10,10,1,3.76
POST02102,LinkedIn,2024-02-20,02:31,Image,2059,4479,41,1,0,0,0,2.04
POST02103,Facebook,2024-12-13,19:24,Video,17213,26701,1134,19,17,32,4,6.98
POST02104,Twitter/X,2024-11-05,04:19,Video,13338,19338,626,10,8,14,0,4.93
POST02105,Twitter/X,2024-11-14,02:42,Image,15610,37992,620,23,11,10,6,4.25
POST02106,Instagram,2024-09-23,14:12,Video,62186,120570,1649,41,14,33,14,2.79
POST02107,Facebook,2024-05-30,15:32,Video,10432,14594,817,20,11,15,4,8.27
POST02108,LinkedIn,2024-05-13,17:34,Story,9274,20165,484,13,3,7,3,5.47
POST02109,Facebook,2024-01-10,01:27,Carousel,36055,74491,1288,23,16,14,5,3.72
POST02110,LinkedIn,2024-03-01,20:54,Story,11359,23689,481,18,5,10,3,4.53
POST02111,Facebook,2024-07-11,01:02,Video,48614,100771,1664,49,28,32,13,3.65
POST02112,Facebook,2024-03-31,09:56,Story,25424,43573,863,20,5,14,4,3.55
POST02113,Twitter/X,2024-12-27,21:08,Image,19289,39639,1329,43,6,14,13,7.22
POST02114,Instagram,2024-06-08,15:48,Reel,32634,69393,1653,27,30,26,12,5.32
POST02115,LinkedIn,2024-02-26,15:42,Story,11303,21614,705,14,13,16,1,6.62
POST02116,Instagram,2024-10-10,18:30,Video,71769,165620,3615,107,37,108,7,5.39
POST02117,Facebook,2024-08-31,05:32,Carousel,19471,46275,1237,49,20,24,10,6.83
POST02118,LinkedIn,2024-01-29,21:37,Image,28748,67712,1480,66,21,32,1,5.56
POST02119,Instagram,2024-07-12,11:49,Reel,48591,87322,1366,30,13,32,2,2.97
POST02120,LinkedIn,2024-05-25,18:37,Carousel,31271,48421,1340,32,7,25,13,4.49
POST02121,Instagram,2024-01-24,20:22,Reel,90741,147253,2302,42,38,35,5,2.66
POST02122,Instagram,2024-10-25,20:24,Reel,32769,66701,1294,45,22,17,12,4.21
POST02123,Facebook,2024-02-19,11:26,Story,10068,15427,481,18,3,13,2,5.12
POST02124,Instagram,2024-06-28,19:15,Reel,31295,55417,1539,74,24,18,4,5.29
POST02125,Twitter/X,2024-04-30,18:05,Reel,16692,36128,1048,22,13,23,5,6.63
POST02126,LinkedIn,2024-12-18,20:07,Carousel,14012,31449,690,17,12,13,2,5.22
POST02127,Facebook,2024-06-21,22:20,Image,38021,62228,1355,65,22,34,8,3.88
POST02128,LinkedIn,2024-01-20,13:36,Carousel,17310,24259,909,39,11,9,1,5.59
POST02129,Facebook,2024-09-20,08:01,Video,27041,67521,2123,103,21,63,10,8.54
POST02130,Twitter/X,2024-12-22,00:20,Image,19565,26543,1286,35,22,31,5,7.02
POST02131,Twitter/X,2024-07-12,10:36,Image,5397,7270,143,5,1,2,0,2.8
POST02132,Facebook,2024-02-20,03:44,Carousel,10662,19939,510,13,9,8,1,5.06
POST02133,LinkedIn,2024-12-11,21:32,Image,4173,9631,217,5,3,3,1,5.46
POST02134,Instagram,2024-12-07,22:19,Carousel,24990,52718,1950,82,12,47,11,8.37
POST02135,Instagram,2024-07-05,06:31,Video,19403,42443,904,37,14,19,7,5.02
POST02136,Instagram,2024-11-21,02:53,Video,58921,87467,2958,129,53,66,27,5.44
POST02137,Facebook,2024-10-01,20:03,Carousel,13323,20789,999,25,12,16,6,7.9
POST02138,Twitter/X,2024-06-01,12:51,Image,5509,9219,165,6,0,3,0,3.16
POST02139,Instagram,2024-04-25,02:45,Carousel,46253,86932,3067,46,57,66,23,7.0
POST02140,Instagram,2024-10-23,20:17,Video,45154,106085,3037,106,30,72,26,7.19
POST02141,Facebook,2024-02-04,16:30,Carousel,25436,62022,1907,25,33,36,16,7.87
POST02142,Instagram,2024-08-06,18:41,Carousel,37492,54371,974,38,17,22,2,2.8
POST02143,Twitter/X,2024-06-03,09:27,Story,14959,29518,996,39,19,12,6,7.13
POST02144,LinkedIn,2024-12-05,06:26,Carousel,11729,17966,428,15,2,4,1,3.83
POST02145,Twitter/X,2024-07-24,22:29,Video,2536,3888,59,2,0,1,0,2.44
POST02146,Instagram,2024-12-09,05:56,Reel,17448,30545,517,10,9,6,5,3.11
POST02147,Facebook,2024-01-10,16:55,Video,12473,25950,711,27,12,19,4,6.17
POST02148,Twitter/X,2024-04-05,06:42,Video,4131,8842,164,6,1,4,0,4.24
POST02149,Instagram,2024-08-27,22:51,Video,20998,51236,1531,49,22,41,12,7.82
POST02150,Facebook,2024-11-10,13:59,Story,28834,44773,1841,68,15,40,14,6.81
POST02151,Instagram,2024-10-16,01:33,Reel,50080,80608,2290,48,31,25,5,4.78
POST02152,LinkedIn,2024-04-12,19:15,Image,18880,37360,404,6,5,7,1,2.24
POST02153,LinkedIn,2024-03-18,09:54,Video,18501,24726,1469,32,9,14,6,8.24
POST02154,Facebook,2024-08-10,02:40,Video,13188,29063,403,8,2,6,1,3.18
POST02155,Instagram,2024-04-14,08:52,Carousel,17521,33374,666,24,9,14,1,4.07
POST02156,Facebook,2024-05-26,08:43,Video,41275,76052,1101,16,21,15,9,2.79
POST02157,Instagram,2024-11-03,19:07,Reel,104035,201080,8321,297,128,164,34,8.56
POST02158,LinkedIn,2024-03-17,19:51,Video,5128,8205,379,12,6,8,1,7.9
POST02159,Facebook,2024-06-07,17:27,Carousel,36457,45106,2078,54,39,41,15,6.07
POST02160,Instagram,2024-08-04,01:12,Carousel,39533,86634,2799,129,52,34,14,7.62
POST02161,Instagram,2024-03-22,18:16,Reel,44970,111571,1052,40,14,21,10,2.51
POST02162,Instagram,2024-05-22,05:41,Carousel,13638,24956,697,10,8,7,6,5.29
POST02163,Instagram,2024-01-22,15:50,Carousel,26310,57777,1022,19,11,10,9,4.04
POST02164,Facebook,2024-01-11,18:20,Story,28992,44125,1771,67,18,48,12,6.57
POST02165,LinkedIn,2024-11-04,18:57,Image,10529,16480,540,12,5,8,2,5.37
POST02166,LinkedIn,2024-07-27,21:42,Image,33742,59349,871,22,4,24,5,2.73
POST02167,LinkedIn,2024-02-16,19:15,Image,20669,46375,1216,53,13,25,9,6.32
POST02168,Instagram,2024-02-27,16:59,Carousel,7665,13630,487,18,3,6,3,6.71
POST02169,LinkedIn,2024-03-02,18:49,Image,6939,8435,258,2,2,4,0,3.83
POST02170,Instagram,2024-09-25,18:15,Carousel,40376,54096,1277,63,6,25,7,3.4
POST02171,Instagram,2024-11-03,20:21,Reel,99569,191308,7529,175,74,135,55,7.95
POST02172,Facebook,2024-10-26,23:47,Story,17859,43446,1186,57,10,31,7,7.19
POST02173,Twitter/X,2024-04-30,06:09,Carousel,3788,6109,109,1,2,3,0,3.04
POST02174,Twitter/X,2024-02-24,20:28,Reel,22428,34300,751,9,4,17,4,3.48
POST02175,Instagram,2024-07-28,22:03,Story,51291,65988,1606,42,10,21,8,3.27
POST02176,Instagram,2024-09-08,22:07,Reel,40471,74186,1763,85,20,43,12,4.72
POST02177,Instagram,2024-06-11,15:43,Story,21703,37181,1631,50,25,43,5,8.06
POST02178,Instagram,2024-05-06,04:23,Image,39608,54632,1320,43,11,30,8,3.54
POST02179,Instagram,2024-08-31,09:01,Reel,37864,83395,1739,81,21,29,16,4.94
POST02180,Facebook,2024-11-26,19:02,Image,22874,42337,984,31,10,16,5,4.55
POST02181,Instagram,2024-12-05,01:44,Video,48837,112109,1424,16,12,42,12,3.06
POST02182,Facebook,2024-12-09,22:24,Story,5444,13491,205,4,2,3,1,3.93
POST02183,Instagram,2024-06-07,22:23,Reel,52756,104471,1904,48,25,54,12,3.85
POST02184,Instagram,2024-12-16,19:54,Image,47395,68533,1771,80,13,50,10,4.04
POST02185,LinkedIn,2024-08-14,21:59,Image,16181,39579,582,12,4,7,1,3.74
POST02186,Facebook,2024-05-10,19:19,Video,41445,66117,1151,22,19,26,10,2.94
POST02187,Instagram,2024-04-17,05:58,Carousel,48861,70351,2065,63,11,50,12,4.48
POST02188,LinkedIn,2024-08-12,20:26,Image,7578,13070,428,17,6,4,3,6.0
POST02189,Facebook,2024-01-18,18:52,Video,25534,63349,1339,27,20,39,3,5.58
POST02190,Instagram,2024-09-08,13:59,Reel,25792,49935,1678,21,29,43,13,6.87
POST02191,Instagram,2024-06-19,03:52,Reel,59775,104520,4604,52,74,105,14,8.09
POST02192,Facebook,2024-03-23,16:04,Image,29167,48570,1678,27,13,50,13,6.06
POST02193,Twitter/X,2024-06-29,23:52,Image,6153,11407,305,5,4,5,0,5.18
POST02194,Instagram,2024-10-07,14:44,Reel,40749,74426,2100,32,39,60,15,5.47
POST02195,Instagram,2024-01-15,20:41,Reel,78519,180805,6050,220,76,148,23,8.27
POST02196,Facebook,2024-04-04,20:08,Carousel,49799,89748,1434,34,25,15,3,3.03
POST02197,Instagram,2024-01-02,20:19,Reel,83932,175277,4316,162,24,74,12,5.45
POST02198,Instagram,2024-06-09,03:10,Video,18304,45554,414,8,4,7,3,2.37
POST02199,Facebook,2024-05-07,20:48,Image,53921,93900,4202,142,61,101,33,8.36
POST02200,Facebook,2024-03-07,21:26,Image,47602,106043,1623,79,16,21,8,3.65
POST02201,LinkedIn,2024-06-12,23:08,Image,10336,20204,410,17,6,10,4,4.29
POST02202,Instagram,2024-05-13,22:52,Reel,18677,30011,553,25,7,14,3,3.21
POST02203,Instagram,2024-06-16,06:05,Video,51626,100914,1114,47,8,12,9,2.29
POST02204,Facebook,2024-07-31,21:56,Image,46404,57271,1552,74,8,32,2,3.59
POST02205,Instagram,2024-07-12,18:14,Image,13193,27438,846,16,10,22,3,6.78
POST02206,Instagram,2024-01-11,17:41,Reel,66414,109791,3748,180,41,49,21,6.05
POST02207,Instagram,2024-11-09,02:29,Video,63414,78614,1615,21,17,42,13,2.67
POST02208,LinkedIn,2024-04-11,19:03,Carousel,30606,39281,1150,38,20,14,5,3.99
POST02209,Instagram,2024-07-24,19:16,Image,63328,139692,2443,28,39,40,18,4.03
POST02210,LinkedIn,2024-03-17,20:10,Video,16197,25471,1037,34,5,29,6,6.82
POST02211,Twitter/X,2024-10-17,22:27,Carousel,22961,42706,1031,28,18,26,2,4.8
POST02212,Facebook,2024-08-20,15:07,Story,2972,3675,74,2,0,1,0,2.59
POST02213,Facebook,2024-04-24,06:55,Image,13288,24215,407,18,5,11,1,3.32
POST02214,Instagram,2024-05-16,21:24,Image,54192,90954,2822,75,26,79,7,5.54
POST02215,LinkedIn,2024-03-07,06:38,Carousel,20001,27402,564,23,10,14,4,3.05
POST02216,Instagram,2024-04-20,09:46,Reel,16383,39644,411,9,4,7,3,2.63
POST02217,Facebook,2024-12-12,19:26,Image,39268,58339,1608,75,20,36,7,4.43
POST02218,Instagram,2024-03-15,20:15,Video,90939,214754,4509,109,77,105,6,5.28
POST02219,Facebook,2024-11-12,07:23,Carousel,3288,8126,236,2,3,3,1,7.42
POST02220,Facebook,2024-10-25,14:05,Video,49758,77925,2034,70,39,35,2,4.38
POST02221,Facebook,2024-01-06,10:44,Video,47444,66323,1076,23,19,18,2,2.39
POST02222,Facebook,2024-07-22,22:24,Story,24124,33192,1432,60,16,30,13,6.38
POST02223,Facebook,2024-12-28,19:16,Image,54516,128547,4081,109,60,54,20,7.89
POST02224,Facebook,2024-02-07,18:03,Video,72360,86925,4939,225,96,120,29,7.44
POST02225,Instagram,2024-06-19,15:58,Story,6276,9300,127,4,1,1,1,2.12
POST02226,Facebook,2024-06-30,21:51,Image,34890,58267,2242,88,31,35,20,6.87
POST02227,Facebook,2024-11-02,01:00,Carousel,16811,27691,1218,14,15,23,9,7.55
POST02228,Instagram,2024-05-09,12:19,Video,10060,17909,540,5,3,9,0,5.54
POST02229,Instagram,2024-07-21,04:57,Video,37000,80723,2065,21,37,39,19,5.84
POST02230,Facebook,2024-10-13,19:16,Carousel,19147,47332,1476,38,21,41,12,8.23
POST02231,Facebook,2024-03-27,10:56,Image,22843,41902,1447,70,25,20,10,6.84
POST02232,Instagram,2024-08-27,20:45,Reel,41720,60533,2242,29,22,32,16,5.57
POST02233,Facebook,2024-09-28,08:07,Carousel,29328,69036,1172,20,18,19,4,4.19
POST02234,LinkedIn,2024-06-09,19:31,Image,8918,12605,216,4,2,6,1,2.56
POST02235,LinkedIn,2024-05-23,13:18,Carousel,8998,11481,474,18,9,8,4,5.66
POST02236,Facebook,2024-05-14,08:33,Carousel,9842,13132,355,11,6,5,1,3.83
POST02237,Facebook,2024-06-09,05:20,Story,12438,27812,844,34,10,13,6,7.24
POST02238,Instagram,2024-09-08,04:35,Video,23294,33757,1754,57,27,39,17,8.06
POST02239,Facebook,2024-12-02,14:03,Video,14664,28821,462,7,5,6,1,3.27
POST02240,Twitter/X,2024-04-06,19:11,Video,17176,28912,933,42,10,24,4,5.87
POST02241,LinkedIn,2024-01-19,05:45,Video,12907,19559,672,25,7,18,5,5.59
POST02242,Facebook,2024-08-27,15:02,Story,30967,52189,2067,61,37,45,6,7.14
POST02243,Facebook,2024-08-14,22:31,Image,29334,68297,1772,64,24,24,8,6.42
POST02244,LinkedIn,2024-08-22,23:55,Video,18011,26819,486,7,8,11,2,2.84
POST02245,Twitter/X,2024-03-16,18:13,Image,15728,27260,1103,27,6,12,1,7.3
POST02246,Facebook,2024-05-25,19:47,Carousel,18421,45642,408,14,3,5,2,2.33
POST02247,Instagram,2024-09-17,18:57,Reel,37725,93226,1720,44,20,19,10,4.78
POST02248,Instagram,2024-12-05,18:00,Image,62217,111660,4938,197,56,94,27,8.49
POST02249,LinkedIn,2024-09-26,05:26,Video,25256,41115,1127,50,11,33,2,4.83
POST02250,Instagram,2024-02-09,21:43,Reel,66633,143330,2030,39,27,32,9,3.19
POST02251,Facebook,2024-02-18,00:18,Reel,33957,47950,1491,19,19,39,3,4.62
POST02252,Instagram,2024-12-14,03:25,Image,33655,82868,1956,94,14,21,12,6.2
POST02253,Twitter/X,2024-07-10,03:53,Video,2697,5064,158,3,2,4,1,6.19
POST02254,Instagram,2024-06-14,18:29,Video,48001,57848,2377,48,13,67,9,5.22
POST02255,Facebook,2024-12-28,14:40,Carousel,6255,14420,215,7,3,6,1,3.69
POST02256,Facebook,2024-05-17,00:21,Reel,21759,41745,1190,32,7,33,7,5.8
POST02257,Instagram,2024-01-23,14:20,Reel,13296,25026,741,26,11,11,4,5.93
POST02258,Instagram,2024-10-18,18:51,Video,27668,35782,1360,46,11,34,9,5.24
POST02259,Instagram,2024-11-25,18:47,Reel,81670,202592,1997,75,23,29,14,2.6
POST02260,Instagram,2024-02-06,19:24,Carousel,16835,28055,1150,34,12,33,6,7.3
POST02261,Facebook,2024-02-17,19:15,Carousel,26614,64340,832,26,7,22,6,3.33
POST02262,LinkedIn,2024-07-23,19:10,Carousel,10882,15328,551,14,4,15,5,5.37
POST02263,Facebook,2024-07-17,09:41,Carousel,12379,26135,280,4,1,2,1,2.32
POST02264,Facebook,2024-11-30,20:31,Image,30937,58434,1126,47,5,30,10,3.9
POST02265,LinkedIn,2024-08-09,09:57,Carousel,13291,19561,1058,43,16,18,6,8.54
POST02266,LinkedIn,2024-12-16,11:42,Reel,30108,60452,926,17,4,22,4,3.22
POST02267,Twitter/X,2024-02-19,16:12,Reel,22425,49218,1431,24,20,29,14,6.71
POST02268,LinkedIn,2024-09-07,12:30,Video,4724,6621,98,3,0,1,0,2.16
POST02269,Instagram,2024-05-17,13:05,Reel,25242,39203,1423,43,10,35,11,5.99
POST02270,Twitter/X,2024-08-04,19:11,Video,22079,32013,681,15,13,8,2,3.25
POST02271,Instagram,2024-08-10,02:02,Video,59347,97310,1964,88,36,32,8,3.57
POST02272,Facebook,2024-09-19,21:43,Carousel,54311,93764,3012,136,33,79,27,6.0
POST02273,Instagram,2024-04-24,22:09,Carousel,38094,82240,2584,51,40,67,10,7.2
POST02274,Instagram,2024-09-10,20:33,Image,26738,66542,1073,19,7,18,7,4.18
POST02275,Instagram,2024-02-12,21:05,Carousel,67302,126427,5193,177,73,65,51,8.18
POST02276,LinkedIn,2024-09-01,19:43,Carousel,11209,27810,346,13,2,3,1,3.25
POST02277,Twitter/X,2024-06-02,16:27,Video,6006,8242,451,11,4,12,2,7.96
POST02278,Instagram,2024-05-31,17:04,Reel,61696,75652,2135,29,24,59,11,3.64
POST02279,LinkedIn,2024-01-24,16:27,Image,6223,12877,396,18,4,6,2,6.81
POST02280,LinkedIn,2024-07-30,22:52,Image,25096,32002,511,8,10,10,0,2.15
POST02281,Twitter/X,2024-05-09,22:05,Reel,2192,3618,131,3,2,3,0,6.34
POST02282,LinkedIn,2024-09-14,21:11,Image,16252,33478,707,9,5,18,6,4.55
POST02283,Instagram,2024-04-03,01:05,Video,42026,63636,1666,37,16,39,9,4.18
POST02284,Facebook,2024-08-01,09:20,Image,39008,58647,2338,71,22,49,4,6.36
POST02285,LinkedIn,2024-10-27,21:28,Carousel,22955,34581,1691,19,13,42,12,7.69
POST02286,Instagram,2024-11-15,10:58,Image,5305,8439,189,8,1,4,1,3.81
POST02287,LinkedIn,2024-04-05,18:47,Story,6346,13035,467,21,9,11,1,8.01
POST02288,LinkedIn,2024-11-05,18:27,Image,4477,9871,336,9,3,7,1,7.93
POST02289,Facebook,2024-09-30,21:07,Video,19198,34753,1179,49,14,15,5,6.55
POST02290,LinkedIn,2024-01-07,21:29,Video,44445,87977,3463,144,34,67,9,8.34
POST02291,Instagram,2024-12-20,21:47,Video,76207,140939,4756,189,75,86,31,6.7
POST02292,Facebook,2024-11-04,09:39,Video,42694,103807,1348,62,7,21,4,3.37
POST02293,Facebook,2024-11-11,21:51,Image,53117,116728,2896,124,57,46,5,5.88
POST02294,LinkedIn,2024-06-03,19:00,Story,27773,35575,1849,88,23,33,16,7.18
POST02295,Instagram,2024-04-07,18:44,Carousel,40917,58979,2525,32,23,59,9,6.45
POST02296,Instagram,2024-04-06,06:30,Carousel,10877,13944,266,5,2,6,1,2.57
POST02297,LinkedIn,2024-11-28,19:27,Image,33069,67923,2338,31,33,33,4,7.36
POST02298,Twitter/X,2024-11-16,17:12,Video,6977,8879,237,8,2,3,1,3.58
POST02299,Facebook,2024-02-14,21:09,Image,13127,31310,959,20,14,17,5,7.69
POST02300,Facebook,2024-08-30,03:10,Video,8447,12424,476,19,5,14,0,6.09
POST02301,Facebook,2024-03-19,14:31,Reel,46846,75446,1456,68,21,41,14,3.39
POST02302,Facebook,2024-08-29,21:37,Image,23430,44305,670,28,10,13,0,3.08
POST02303,Facebook,2024-05-04,22:53,Image,41286,95509,2732,53,54,76,15,7.06
POST02304,Facebook,2024-07-19,18:06,Story,31679,73749,1173,48,17,25,3,3.99
POST02305,Instagram,2024-11-18,13:26,Image,26606,46687,1192,49,11,16,7,4.77
POST02306,Facebook,2024-09-10,19:46,Image,42688,102149,1057,48,11,24,2,2.67
POST02307,LinkedIn,2024-10-10,01:31,Image,19275,41623,764,32,12,11,0,4.25
POST02308,Instagram,2024-07-23,18:46,Carousel,37020,58631,1373,57,26,35,8,4.03
POST02309,Instagram,2024-11-09,15:14,Reel,50103,68033,1012,47,9,14,7,2.16
POST02310,Twitter/X,2024-12-31,18:27,Video,35431,45754,2724,89,34,72,23,8.24
POST02311,Facebook,2024-10-22,18:17,Story,30168,59221,1200,37,7,17,9,4.18
POST02312,LinkedIn,2024-11-27,15:07,Image,19213,42709,699,14,7,18,0,3.84
POST02313,Instagram,2024-09-10,20:22,Story,24147,54289,1586,62,25,20,3,7.01
POST02314,Twitter/X,2024-08-17,00:10,Carousel,10098,18922,754,17,5,18,4,7.86
POST02315,Twitter/X,2024-05-27,15:22,Image,15783,29615,1251,53,23,28,6,8.59
POST02316,Twitter/X,2024-08-12,19:37,Video,33012,53499,1160,24,22,19,1,3.71
POST02317,LinkedIn,2024-12-16,22:54,Carousel,34918,58602,1989,52,24,47,10,6.05
POST02318,Instagram,2024-12-02,09:46,Reel,62944,137649,3508,120,29,80,27,5.94
POST02319,Facebook,2024-12-30,21:53,Carousel,35380,58119,2433,62,32,34,22,7.24
POST02320,Twitter/X,2024-12-10,11:50,Image,17110,23040,1314,41,12,22,4,8.12
POST02321,Facebook,2024-08-29,05:39,Story,17332,40494,465,15,5,6,2,2.83
POST02322,Twitter/X,2024-04-16,18:42,Carousel,6265,8608,411,19,5,4,1,7.01
POST02323,Instagram,2024-09-04,19:10,Reel,37242,45020,1501,42,20,35,2,4.29
POST02324,Facebook,2024-11-06,13:31,Image,11747,18685,442,10,6,6,4,3.95
POST02325,Facebook,2024-06-04,22:03,Story,14814,28904,945,24,5,13,8,6.66
POST02326,LinkedIn,2024-01-10,20:22,Image,21457,49147,1231,48,12,35,9,6.18
POST02327,Facebook,2024-12-12,22:02,Video,36237,60510,2158,50,32,32,16,6.27
POST02328,Facebook,2024-02-02,18:39,Carousel,14289,31894,1098,50,10,19,9,8.24
POST02329,Facebook,2024-04-26,19:31,Video,54103,103733,2424,85,43,46,21,4.8
POST02330,Instagram,2024-05-12,11:49,Reel,35830,82373,2026,69,19,54,5,6.05
POST02331,Instagram,2024-01-24,17:17,Video,42825,62800,2846,119,23,43,8,7.08
POST02332,Twitter/X,2024-03-18,16:38,Carousel,17400,40323,1359,48,20,30,8,8.37
POST02333,Instagram,2024-12-08,18:59,Reel,58372,136941,3468,75,41,95,31,6.3
POST02334,LinkedIn,2024-08-12,03:06,Carousel,19903,39526,1220,13,21,34,3,6.47
POST02335,LinkedIn,2024-11-08,03:52,Carousel,6991,16051,259,10,2,6,1,3.96
POST02336,Instagram,2024-10-14,18:10,Reel,40178,64823,1620,64,27,23,15,4.32
POST02337,Instagram,2024-11-18,19:58,Image,56522,120932,4389,114,23,96,15,8.18
POST02338,Facebook,2024-07-04,20:45,Video,34174,62599,1557,59,22,21,4,4.85
POST02339,Instagram,2024-08-14,15:46,Video,17104,31000,657,29,10,17,1,4.17
POST02340,LinkedIn,2024-02-20,20:21,Story,8111,11540,646,20,11,8,4,8.45
POST02341,Twitter/X,2024-03-11,19:28,Video,16793,30980,583,19,6,8,2,3.67
POST02342,LinkedIn,2024-07-31,00:15,Image,24487,29950,1590,56,9,46,1,6.95
POST02343,Facebook,2024-08-30,22:10,Carousel,13241,16479,984,45,13,19,1,8.01
POST02344,Facebook,2024-02-13,21:23,Video,28775,60101,750,11,5,8,4,2.69
POST02345,LinkedIn,2024-11-18,04:48,Reel,26937,47781,1011,33,7,21,1,3.98
POST02346,Facebook,2024-09-28,07:08,Video,37757,75220,2528,93,31,61,21,7.19
POST02347,Instagram,2024-08-07,13:57,Video,14131,26357,929,15,15,10,4,6.86
POST02348,LinkedIn,2024-08-22,16:50,Image,16930,31112,1030,13,7,18,5,6.31
POST02349,Twitter/X,2024-12-15,18:28,Story,4979,7020,288,13,4,4,0,6.21
POST02350,Instagram,2024-03-15,22:51,Reel,99415,202731,4160,124,77,94,19,4.48
POST02351,Instagram,2024-09-21,02:21,Video,49561,76028,2796,119,17,43,7,6.0
POST02352,LinkedIn,2024-06-10,05:27,Carousel,10208,24603,785,37,15,20,5,8.4
POST02353,LinkedIn,2024-02-01,18:42,Reel,10705,16865,383,8,5,10,3,3.79
POST02354,Instagram,2024-11-24,22:03,Carousel,15093,20448,476,20,2,7,0,3.35
POST02355,LinkedIn,2024-11-19,21:56,Reel,12089,27284,797,33,9,8,2,7.01
POST02356,LinkedIn,2024-09-23,13:25,Carousel,6054,13044,316,5,3,9,2,5.5
POST02357,Twitter/X,2024-12-14,09:46,Video,7607,12854,187,4,2,2,1,2.56
POST02358,Instagram,2024-06-09,00:52,Reel,15241,23141,527,17,6,12,5,3.69
POST02359,LinkedIn,2024-05-23,19:58,Video,22572,36364,1575,50,15,45,13,7.47
POST02360,Twitter/X,2024-03-16,14:41,Reel,22776,28947,1229,57,11,16,5,5.76
POST02361,LinkedIn,2024-04-15,19:50,Image,29798,65076,2350,96,27,48,21,8.46
POST02362,Facebook,2024-11-12,22:22,Image,32432,60687,836,33,5,15,6,2.74
POST02363,Facebook,2024-11-28,06:56,Carousel,38011,60042,2198,22,30,41,12,6.03
POST02364,Facebook,2024-06-03,22:21,Image,6456,12409,233,11,1,5,1,3.87
POST02365,Facebook,2024-07-18,23:56,Image,17157,20926,1094,42,16,30,9,6.89
POST02366,Facebook,2024-03-05,17:18,Carousel,23745,54619,1638,17,21,46,4,7.25
POST02367,Facebook,2024-04-19,22:19,Video,23630,29642,868,18,15,14,4,3.87
POST02368,Facebook,2024-09-23,19:01,Image,6042,14566,418,14,2,5,0,7.27
POST02369,Facebook,2024-01-15,17:37,Image,30279,43512,1564,16,10,34,5,5.36
POST02370,Twitter/X,2024-05-12,20:46,Video,24446,53316,1499,22,18,38,4,6.45
POST02371,Twitter/X,2024-08-04,03:46,Image,12652,25311,492,19,8,14,2,4.21
POST02372,LinkedIn,2024-01-31,08:40,Reel,31161,73463,629,13,8,8,5,2.11
POST02373,Facebook,2024-09-16,18:48,Video,40587,53955,1311,13,13,20,11,3.34
POST02374,LinkedIn,2024-11-29,14:19,Image,20807,37622,677,31,3,18,3,3.5
POST02375,Facebook,2024-10-20,14:21,Video,46062,102529,1714,75,11,18,11,3.95
POST02376,Instagram,2024-04-30,18:36,Video,27375,63103,1076,24,13,24,3,4.15
POST02377,Twitter/X,2024-12-31,20:42,Reel,16448,40140,1257,53,10,25,3,8.18
POST02378,Instagram,2024-09-30,07:22,Reel,14097,29441,475,23,5,13,2,3.66
POST02379,Twitter/X,2024-06-02,22:43,Image,18680,45510,1097,40,7,21,9,6.24
POST02380,Instagram,2024-03-12,16:47,Carousel,26168,53845,1407,17,19,14,5,5.57
POST02381,Twitter/X,2024-05-06,22:37,Image,23503,35846,913,32,14,18,8,4.16
POST02382,Instagram,2024-04-08,11:29,Story,15936,37574,677,11,3,7,1,4.38
POST02383,Instagram,2024-02-20,21:53,Video,22811,51517,601,11,7,15,1,2.78
POST02384,Facebook,2024-07-29,18:27,Carousel,50579,122210,3392,122,39,41,25,7.11
POST02385,Twitter/X,2024-03-07,14:04,Reel,19060,23711,1239,38,12,23,11,6.88
POST02386,Facebook,2024-07-08,12:37,Image,38947,79547,807,18,8,15,2,2.18
POST02387,LinkedIn,2024-10-13,12:55,Carousel,20648,40458,1198,46,6,14,5,6.12
POST02388,Instagram,2024-05-15,20:27,Image,29226,71532,1574,78,26,32,7,5.85
POST02389,Facebook,2024-08-13,15:46,Video,9895,18183,694,29,4,8,4,7.43
POST02390,Instagram,2024-08-01,04:32,Reel,27372,66463,1067,24,19,13,10,4.1
POST02391,Facebook,2024-03-06,14:08,Story,5133,12229,242,9,1,2,2,4.95
POST02392,Instagram,2024-12-26,16:07,Story,31940,55751,909,35,12,22,4,3.06
POST02393,Instagram,2024-12-21,21:02,Video,32933,72456,2462,32,42,51,17,7.86
POST02394,Facebook,2024-03-21,11:58,Carousel,12333,27028,271,7,1,7,1,2.32
POST02395,Facebook,2024-03-01,13:07,Video,21882,39945,1473,19,11,30,14,7.01
POST02396,Instagram,2024-03-02,20:02,Image,63125,96733,4154,159,30,81,22,7.01
POST02397,Instagram,2024-09-24,20:19,Carousel,7088,17202,286,11,3,4,2,4.29
POST02398,LinkedIn,2024-07-10,21:01,Image,6619,13878,255,11,2,2,0,4.08
POST02399,Instagram,2024-03-14,22:26,Reel,39677,86977,1368,52,18,40,13,3.73
POST02400,Twitter/X,2024-01-25,09:56,Carousel,16942,39510,359,4,6,4,2,2.2
POST02401,Facebook,2024-05-25,21:00,Carousel,46321,113400,2461,107,24,46,12,5.7
POST02402,Instagram,2024-03-03,02:55,Reel,22570,47749,998,48,9,24,6,4.78
POST02403,Instagram,2024-01-23,18:19,Carousel,67149,86917,2323,25,20,53,3,3.61
POST02404,Facebook,2024-10-16,10:50,Story,10369,20584,368,15,2,3,3,3.74
POST02405,Facebook,2024-07-12,23:53,Image,12521,18190,400,11,7,4,3,3.37
POST02406,Instagram,2024-11-06,19:32,Reel,97731,169119,4949,227,58,111,47,5.47
POST02407,Facebook,2024-11-21,14:42,Reel,23856,33645,1243,57,6,28,2,5.59
POST02408,Instagram,2024-08-17,20:05,Video,81730,128204,4664,72,25,121,34,5.97
POST02409,Instagram,2024-11-15,13:24,Image,21411,49255,863,36,7,21,8,4.33
POST02410,Instagram,2024-04-29,10:34,Reel,38895,63321,1898,83,20,49,3,5.27
POST02411,Twitter/X,2024-01-24,14:47,Image,8185,11322,445,15,6,7,3,5.78
POST02412,Twitter/X,2024-05-22,05:45,Image,13022,26303,294,3,3,7,2,2.36
POST02413,Instagram,2024-01-13,22:19,Video,17850,22200,426,5,6,5,2,2.48
POST02414,Instagram,2024-10-14,20:35,Reel,49492,115115,2730,130,37,34,6,5.92
POST02415,Twitter/X,2024-02-13,22:34,Reel,6507,15147,327,14,5,7,1,5.42
POST02416,LinkedIn,2024-10-22,18:33,Image,18701,26353,944,9,8,27,3,5.28
POST02417,Facebook,2024-04-06,16:57,Video,15575,30944,1172,19,8,24,1,7.85
POST02418,LinkedIn,2024-01-10,22:11,Image,5129,11909,282,5,1,6,2,5.73
POST02419,Instagram,2024-01-10,19:15,Image,31625,59520,1132,28,21,19,4,3.79
POST02420,Instagram,2024-12-27,18:28,Story,31658,73863,1207,48,21,28,3,4.12
POST02421,Twitter/X,2024-02-13,19:20,Video,32010,42980,1883,51,12,46,15,6.22
POST02422,LinkedIn,2024-07-24,15:55,Image,10143,19212,350,5,6,9,2,3.65
POST02423,Facebook,2024-01-12,19:26,Carousel,54187,131875,4143,71,32,54,33,7.94
POST02424,Instagram,2024-01-13,10:24,Image,21104,32116,539,13,4,10,5,2.68
POST02425,Instagram,2024-05-11,18:34,Reel,88923,179406,5204,157,37,130,32,6.22
POST02426,Instagram,2024-03-27,19:16,Reel,50821,73360,2949,99,43,31,17,6.14
POST02427,Facebook,2024-02-15,21:43,Image,31900,71450,656,6,9,16,5,2.15
POST02428,LinkedIn,2024-03-27,20:11,Image,22040,29177,780,37,7,12,2,3.79
POST02429,LinkedIn,2024-01-14,09:24,Image,21957,47737,1380,29,13,21,2,6.57
POST02430,LinkedIn,2024-02-20,21:57,Image,25751,34426,1790,21,26,19,14,7.21
POST02431,Twitter/X,2024-06-14,18:03,Video,17266,38577,1139,20,14,33,4,6.98
POST02432,Twitter/X,2024-04-13,22:37,Video,21618,45556,1120,54,20,22,10,5.62
POST02433,Facebook,2024-05-01,16:24,Image,36436,86815,758,24,5,11,2,2.19
POST02434,Instagram,2024-02-28,20:29,Carousel,67587,129621,3727,82,54,99,37,5.86
POST02435,LinkedIn,2024-10-10,15:01,Video,11264,18250,392,15,5,8,0,3.73
POST02436,Instagram,2024-07-27,00:17,Video,40245,94070,2151,49,21,33,10,5.6
POST02437,Instagram,2024-10-10,21:06,Reel,41690,59168,1053,16,9,19,9,2.63
POST02438,Instagram,2024-05-06,20:50,Story,14296,21084,925,33,17,12,7,6.9
POST02439,Instagram,2024-03-05,21:28,Reel,38379,60107,2090,21,25,24,10,5.63
POST02440,Instagram,2024-02-12,16:13,Story,38281,53529,2213,23,39,54,12,6.08
POST02441,LinkedIn,2024-03-13,19:50,Image,11620,28316,624,30,11,7,2,5.78
POST02442,Instagram,2024-05-05,13:58,Reel,33391,72035,704,17,3,21,1,2.23
POST02443,Facebook,2024-10-11,00:52,Carousel,3767,6599,91,1,0,2,0,2.5
POST02444,Twitter/X,2024-08-25,19:18,Image,27916,64335,2011,68,37,43,14,7.73
POST02445,Facebook,2024-11-30,00:03,Story,18983,34513,458,17,5,9,1,2.58
POST02446,Twitter/X,2024-09-03,20:53,Image,27672,41576,1207,38,9,18,2,4.6
POST02447,LinkedIn,2024-12-14,20:53,Image,4659,8663,112,5,1,3,0,2.6
POST02448,Twitter/X,2024-11-19,22:18,Image,4547,5564,190,7,2,1,0,4.4
POST02449,Facebook,2024-01-24,22:36,Story,16066,29863,628,12,3,9,3,4.06
POST02450,Instagram,2024-02-05,21:44,Image,8229,16990,627,27,5,13,6,8.17
POST02451,LinkedIn,2024-03-03,23:35,Carousel,14898,31935,1148,45,17,17,10,8.24
POST02452,Instagram,2024-05-23,06:39,Story,38225,55738,2687,101,17,53,13,7.48
POST02453,Instagram,2024-09-15,10:56,Carousel,27650,46311,651,28,4,11,4,2.51
POST02454,Facebook,2024-12-15,20:16,Image,43974,106526,2583,36,50,33,20,6.14
POST02455,Instagram,2024-12-28,07:42,Reel,44569,65534,2611,90,44,71,14,6.32
POST02456,Facebook,2024-06-13,21:38,Reel,54222,126164,2855,33,34,75,21,5.53
POST02457,Facebook,2024-06-17,19:41,Carousel,24840,57495,1689,76,16,34,13,7.31
POST02458,Instagram,2024-01-02,00:57,Reel,68146,132170,2415,66,22,30,9,3.72
POST02459,Twitter/X,2024-01-05,13:35,Video,15567,24757,1195,24,18,16,2,8.05
POST02460,Instagram,2024-12-22,12:34,Reel,40194,93342,1223,13,18,13,12,3.15
POST02461,Facebook,2024-02-11,20:41,Video,41153,80042,1046,49,15,14,6,2.73
POST02462,Instagram,2024-02-09,21:28,Image,58512,87012,3949,68,68,88,7,7.13
POST02463,Twitter/X,2024-12-10,21:52,Video,15334,35352,1208,59,20,35,10,8.62
POST02464,LinkedIn,2024-11-03,19:53,Image,5881,11355,443,17,4,7,2,8.01
POST02465,Twitter/X,2024-12-22,03:29,Image,11160,24897,434,10,2,4,2,4.03
POST02466,Instagram,2024-07-08,14:00,Video,14622,28400,848,14,14,23,4,6.15
POST02467,Twitter/X,2024-04-23,08:43,Carousel,5002,8764,275,9,4,8,0,5.92
POST02468,Facebook,2024-12-29,18:52,Image,5103,10563,382,6,7,6,1,7.86
POST02469,Instagram,2024-11-10,22:14,Reel,12322,26336,307,11,4,4,2,2.65
POST02470,Instagram,2024-04-29,11:02,Reel,39661,64087,2668,37,43,45,15,7.04
POST02471,Instagram,2024-05-23,22:45,Story,16548,40126,1002,18,10,19,6,6.34
POST02472,LinkedIn,2024-11-06,19:52,Video,28600,44264,972,13,8,20,8,3.54
POST02473,Instagram,2024-11-22,20:36,Reel,73325,89223,2259,53,19,66,15,3.27
POST02474,Instagram,2024-09-13,17:12,Story,34468,78269,1400,37,12,35,6,4.31
POST02475,LinkedIn,2024-12-03,21:43,Image,7891,10021,622,28,6,15,4,8.5
POST02476,Twitter/X,2024-11-04,02:37,Image,2415,5613,161,4,2,1,1,6.96
POST02477,Instagram,2024-03-06,04:16,Video,34427,73682,2623,27,41,50,18,7.96
POST02478,Facebook,2024-10-18,16:46,Story,4021,6051,185,9,3,3,1,4.97
POST02479,Instagram,2024-05-20,18:44,Video,61511,100313,3657,70,24,38,13,6.16
POST02480,Facebook,2024-12-13,08:43,Reel,8340,20677,312,8,2,4,0,3.91
POST02481,Facebook,2024-10-13,00:27,Carousel,5520,11126,170,3,3,2,0,3.22
POST02482,Facebook,2024-11-24,20:03,Carousel,7358,13862,303,10,5,9,2,4.44
POST02483,Facebook,2024-06-14,13:17,Video,18474,37391,400,9,6,10,1,2.3
POST02484,Facebook,2024-03-03,14:31,Video,50191,125252,3850,150,51,83,22,8.24
POST02485,LinkedIn,2024-07-04,01:56,Video,7425,10083,266,11,4,5,0,3.85
POST02486,Twitter/X,2024-04-24,21:34,Reel,34288,52512,1178,50,19,19,7,3.69
POST02487,LinkedIn,2024-08-17,21:12,Carousel,4550,6331,151,1,1,2,0,3.41
POST02488,Facebook,2024-06-20,22:51,Reel,52661,112916,2558,27,13,59,22,5.05
POST02489,LinkedIn,2024-01-13,07:44,Image,24111,39017,1239,45,20,18,4,5.48
POST02490,Instagram,2024-08-04,07:12,Reel,54285,105295,3099,39,46,63,26,5.98
POST02491,Instagram,2024-03-25,18:40,Video,26766,48299,1010,41,17,18,7,4.06
POST02492,Instagram,2024-11-16,21:27,Reel,43570,53937,2473,54,39,69,5,6.05
POST02493,LinkedIn,2024-01-13,20:59,Video,45070,55367,1505,51,27,19,13,3.55
POST02494,Instagram,2024-06-20,07:06,Reel,30478,55214,942,31,14,18,1,3.3
POST02495,Facebook,2024-08-30,20:53,Image,55291,137674,3562,146,19,71,20,6.87
POST02496,Instagram,2024-01-28,16:50,Video,14747,31121,1058,18,20,11,10,7.51
POST02497,Twitter/X,2024-05-01,19:39,Reel,24855,34211,1806,87,9,48,10,7.85
POST02498,Facebook,2024-08-12,20:28,Image,21954,44977,860,16,8,22,5,4.13
POST02499,Instagram,2024-10-23,18:58,Carousel,31133,65657,1442,56,27,36,7,5.01
POST02500,Instagram,2024-01-18,18:50,Carousel,68317,165891,4628,190,29,62,45,7.19
